{"type":"FeatureCollection","name":"Lithuania MeshCore name suggestor","features":[{"type":"Feature","properties":{"display_name":"Alytaus miestas","feature_type":"city","suggested_code":"AM","county_code":"AA","city_code":"AM","iata_region":"KUN","mc:scopes":"lt kun aa am","mc:region":"am","mc:iata":"kun","priority":2},"geometry":{"type":"Polygon","coordinates":[[[24.040089,54.420053],[24.040509,54.423237],[24.041455,54.424628],[24.045199,54.428332],[24.052375,54.431049],[24.060214,54.431923],[24.065063,54.433275],[24.067891,54.434752],[24.070102,54.436615],[24.071762,54.438529],[24.072956,54.440741],[24.060627,54.439921],[24.0612,54.438425],[24.057884,54.437969],[24.057938,54.43984],[24.056276,54.439841],[24.055643,54.438388],[24.049301,54.438499],[24.049029,54.437918],[24.048576,54.43794],[24.047237,54.436673],[24.046537,54.436507],[24.046347,54.43515],[24.043466,54.433741],[24.041442,54.433341],[24.039881,54.433553],[24.038635,54.434579],[24.039915,54.435708],[24.039749,54.436064],[24.037432,54.43696],[24.037077,54.436705],[24.034896,54.437443],[24.034728,54.438203],[24.033606,54.438483],[24.024967,54.437995],[24.024,54.441071],[24.018983,54.440823],[24.01909,54.440051],[24.017772,54.440059],[24.015779,54.439374],[24.016642,54.441833],[24.011499,54.442721],[24.011141,54.44223],[24.009505,54.442501],[24.009017,54.441456],[24.007944,54.441504],[24.006146,54.438869],[24.001608,54.428877],[24.002267,54.427205],[24.001246,54.427047],[24.004019,54.421159],[24.005546,54.419149],[24.00163,54.410321],[23.996627,54.41095],[23.995138,54.40938],[23.989919,54.40737],[23.986653,54.407552],[23.985577,54.407158],[23.97725,54.403731],[23.972755,54.401031],[23.965518,54.398015],[23.9596,54.394703],[23.958657,54.39378],[23.965202,54.394177],[23.969542,54.395067],[23.97067,54.39481],[23.972889,54.393459],[23.974025,54.393481],[23.976562,54.394368],[23.998266,54.392457],[23.998899,54.388157],[24.004048,54.387067],[24.003296,54.385476],[23.997948,54.38361],[23.996081,54.383772],[23.994942,54.383302],[23.99183,54.380127],[23.984943,54.371096],[23.990801,54.370715],[24.000942,54.368849],[24.001532,54.36947],[24.000686,54.371114],[24.002252,54.371466],[24.002495,54.372911],[24.006873,54.371002],[24.007022,54.374237],[24.008989,54.376502],[24.013286,54.378298],[24.017185,54.378695],[24.023028,54.37808],[24.027686,54.378207],[24.031447,54.377559],[24.041474,54.374036],[24.045225,54.371474],[24.049668,54.369171],[24.063581,54.363582],[24.063773,54.364466],[24.066638,54.367459],[24.073325,54.375979],[24.083834,54.372136],[24.087569,54.369263],[24.091346,54.367788],[24.093101,54.36977],[24.093548,54.371146],[24.092779,54.372503],[24.090448,54.374558],[24.08908,54.377499],[24.089919,54.385842],[24.089524,54.38651],[24.084163,54.390788],[24.080686,54.392831],[24.083281,54.393735],[24.084985,54.394758],[24.086588,54.395167],[24.090222,54.395281],[24.092067,54.395859],[24.093114,54.395612],[24.097771,54.395818],[24.099418,54.395616],[24.102371,54.397013],[24.084698,54.407234],[24.075598,54.405044],[24.073978,54.406994],[24.071894,54.40782],[24.07074,54.409328],[24.069443,54.410024],[24.068489,54.411083],[24.072264,54.414062],[24.073201,54.414378],[24.069343,54.417382],[24.066122,54.417493],[24.065174,54.417886],[24.061453,54.421901],[24.040089,54.420053]]]}},{"type":"Feature","properties":{"display_name":"Kauno miestas","feature_type":"city","suggested_code":"KM","county_code":"KA","city_code":"KM","iata_region":"KUN","mc:scopes":"lt kun ka km","mc:region":"km","mc:iata":"kun","priority":2},"geometry":{"type":"Polygon","coordinates":[[[23.969215,54.945384],[23.965963,54.94567],[23.957663,54.947475],[23.960066,54.948813],[23.95808,54.950735],[23.956227,54.950695],[23.955213,54.950961],[23.953883,54.951842],[23.953766,54.953743],[23.954757,54.953868],[23.955069,54.958693],[23.953715,54.95922],[23.948738,54.959504],[23.926253,54.956889],[23.925773,54.957459],[23.921961,54.959184],[23.919732,54.958366],[23.919445,54.95855],[23.918208,54.958278],[23.913496,54.959561],[23.901307,54.951197],[23.89659,54.95388],[23.89126,54.951437],[23.8902,54.950434],[23.888212,54.952059],[23.886812,54.954453],[23.882336,54.953323],[23.881983,54.953465],[23.880541,54.953002],[23.877371,54.948998],[23.878659,54.947414],[23.874758,54.946472],[23.870454,54.946842],[23.867033,54.946435],[23.865573,54.945627],[23.864975,54.944172],[23.8564,54.940792],[23.855738,54.941497],[23.838373,54.941214],[23.838396,54.941513],[23.829036,54.941505],[23.828572,54.948071],[23.812014,54.945167],[23.804203,54.954357],[23.804114,54.957],[23.802038,54.953976],[23.799398,54.948674],[23.796951,54.941988],[23.796525,54.936379],[23.792923,54.928033],[23.790461,54.929139],[23.786813,54.926241],[23.784797,54.926038],[23.781642,54.927214],[23.779903,54.928904],[23.773631,54.929863],[23.764522,54.93211],[23.760853,54.932425],[23.756713,54.932095],[23.753526,54.931012],[23.757315,54.93023],[23.762648,54.92861],[23.767961,54.925992],[23.773753,54.922347],[23.78531,54.916679],[23.797825,54.912792],[23.807736,54.908022],[23.812824,54.906789],[23.823222,54.905963],[23.820857,54.902954],[23.832949,54.900923],[23.836377,54.899818],[23.83995,54.89949],[23.839798,54.899145],[23.849047,54.89889],[23.853503,54.898347],[23.857035,54.898443],[23.857665,54.897324],[23.858572,54.897705],[23.858241,54.898386],[23.864088,54.897624],[23.863837,54.894711],[23.86448,54.894605],[23.865797,54.893616],[23.865268,54.893392],[23.866277,54.891737],[23.86724,54.891942],[23.868739,54.890511],[23.868976,54.888505],[23.870039,54.887825],[23.869088,54.887348],[23.868409,54.883741],[23.868855,54.88077],[23.867981,54.880065],[23.868579,54.879234],[23.868328,54.877302],[23.869627,54.876617],[23.864373,54.875215],[23.858437,54.874244],[23.854346,54.873996],[23.85466,54.87481],[23.852943,54.87481],[23.82967,54.868181],[23.842699,54.850571],[23.844434,54.851116],[23.849994,54.85504],[23.856245,54.857697],[23.867275,54.853771],[23.864567,54.848292],[23.880257,54.84625],[23.884344,54.856866],[23.890185,54.855067],[23.893048,54.854984],[23.893784,54.854493],[23.900313,54.854408],[23.907607,54.853351],[23.910729,54.853343],[23.911462,54.852832],[23.914245,54.852359],[23.914708,54.851259],[23.915508,54.850884],[23.918867,54.850825],[23.92256,54.850308],[23.92437,54.850808],[23.924467,54.851067],[23.925623,54.850685],[23.927672,54.850938],[23.930711,54.844093],[23.931641,54.843238],[23.932713,54.843226],[23.934488,54.839291],[23.935665,54.835645],[23.935171,54.835168],[23.935557,54.83076],[23.933936,54.827157],[23.930336,54.82472],[23.922257,54.820745],[23.925465,54.821441],[23.937151,54.826286],[23.939208,54.827554],[23.940923,54.829946],[23.940134,54.830312],[23.940507,54.830563],[23.942147,54.830229],[23.944801,54.831819],[23.95853,54.836126],[23.962398,54.838257],[23.962126,54.83869],[23.966582,54.84111],[23.969137,54.843946],[23.975005,54.837912],[23.976309,54.835954],[23.983181,54.835668],[23.982907,54.834913],[23.986105,54.834623],[23.987304,54.834102],[23.988119,54.834179],[23.989565,54.835432],[23.991149,54.835901],[23.991414,54.837143],[23.994441,54.837882],[23.99798,54.840032],[24.010853,54.84267],[24.026826,54.835237],[24.034642,54.840936],[24.035375,54.840627],[24.036389,54.841305],[24.036524,54.841845],[24.038395,54.843257],[24.040047,54.843018],[24.041743,54.844059],[24.031877,54.849291],[24.035692,54.849809],[24.033236,54.851674],[24.025998,54.853426],[24.021112,54.853059],[24.019333,54.853466],[24.016314,54.855869],[24.014186,54.856839],[24.050697,54.899099],[24.055182,54.900365],[24.057087,54.901242],[24.06221,54.907824],[24.064538,54.909303],[24.067931,54.910582],[24.072579,54.911677],[24.077091,54.913775],[24.079622,54.914235],[24.087055,54.914449],[24.091625,54.913846],[24.097247,54.91185],[24.098696,54.911673],[24.100284,54.912601],[24.074025,54.924334],[24.068608,54.925841],[24.054886,54.926672],[24.049107,54.923092],[24.048588,54.92312],[24.049252,54.924711],[24.048689,54.925799],[24.047101,54.92709],[24.044974,54.927489],[24.003503,54.930356],[23.987745,54.932196],[23.97681,54.930147],[23.976435,54.930414],[23.977755,54.931244],[23.977964,54.93204],[23.97735,54.933094],[23.975822,54.933595],[23.975931,54.934305],[23.987974,54.935781],[23.994823,54.938837],[23.987985,54.937769],[23.978546,54.936856],[23.970583,54.94134],[23.969215,54.945384]]]}},{"type":"Feature","properties":{"display_name":"Klaipėdos miestas","feature_type":"city","suggested_code":"LM","county_code":"LA","city_code":"LM","iata_region":"PLQ","mc:scopes":"lt plq la lm","mc:region":"lm","mc:iata":"plq","priority":2},"geometry":{"type":"Polygon","coordinates":[[[21.240327,55.681005],[21.237484,55.683624],[21.220598,55.678379],[21.206292,55.697865],[21.170631,55.752947],[21.170137,55.752856],[21.16914,55.753881],[21.167894,55.754228],[21.164913,55.757972],[21.162561,55.759049],[21.160237,55.760816],[21.159521,55.762732],[21.153754,55.765312],[21.152633,55.766737],[21.147864,55.767632],[21.145503,55.768476],[21.145422,55.768815],[21.146461,55.769548],[21.146472,55.770724],[21.14343,55.770919],[21.142099,55.770619],[21.140567,55.769581],[21.138753,55.770249],[21.138215,55.770967],[21.136771,55.771131],[21.135515,55.772096],[21.135539,55.772981],[21.134512,55.773256],[21.135627,55.774494],[21.138765,55.781405],[21.139108,55.782871],[21.138769,55.787092],[21.139992,55.790431],[21.139516,55.794318],[21.137587,55.796569],[21.135904,55.794511],[21.118405,55.780864],[21.098328,55.773918],[21.09488,55.779144],[21.082791,55.775942],[21.082452,55.776735],[21.079241,55.778025],[21.076782,55.776922],[21.076289,55.776172],[21.078093,55.774858],[21.075083,55.774105],[21.080188,55.76136],[21.081703,55.756056],[21.085825,55.73366],[21.085467,55.731879],[21.083641,55.730188],[21.082885,55.72993],[21.079422,55.730718],[21.080004,55.730327],[21.077362,55.729291],[21.076713,55.726995],[21.082085,55.726126],[21.094091,55.722268],[21.09367,55.721569],[21.093861,55.718176],[21.09802,55.70197],[21.101156,55.68561],[21.10324,55.667234],[21.132797,55.673125],[21.134521,55.673784],[21.132406,55.670818],[21.133084,55.670914],[21.133107,55.66957],[21.132292,55.66912],[21.130295,55.664059],[21.128948,55.656511],[21.130651,55.651097],[21.130995,55.642838],[21.131874,55.640998],[21.131207,55.639462],[21.132378,55.637319],[21.13192,55.636221],[21.132621,55.634481],[21.132403,55.632463],[21.132888,55.632215],[21.157053,55.634053],[21.172042,55.634791],[21.183176,55.619088],[21.189358,55.612787],[21.19585,55.613874],[21.194526,55.619569],[21.192286,55.621057],[21.175826,55.642887],[21.179274,55.6447],[21.182794,55.643382],[21.184029,55.64345],[21.185241,55.64402],[21.187265,55.64375],[21.190362,55.642007],[21.201963,55.644398],[21.201973,55.645205],[21.207223,55.645178],[21.213816,55.645647],[21.213786,55.646624],[21.230478,55.646463],[21.233632,55.645142],[21.230706,55.648572],[21.239831,55.650127],[21.223227,55.674864],[21.240327,55.681005]]]}},{"type":"Feature","properties":{"display_name":"Marijampolės miestas","feature_type":"city","suggested_code":"MM","county_code":"MA","city_code":"MM","iata_region":"KUN","mc:scopes":"lt kun ma mm","mc:region":"mm","mc:iata":"kun","priority":2},"geometry":{"type":"Polygon","coordinates":[[[23.394358,54.574367],[23.393225,54.574671],[23.391391,54.575992],[23.389904,54.575792],[23.388343,54.574312],[23.387497,54.574582],[23.386496,54.574498],[23.389735,54.577691],[23.391367,54.580789],[23.388536,54.581259],[23.37753,54.580998],[23.369805,54.581626],[23.370024,54.583282],[23.361992,54.583318],[23.360533,54.584572],[23.361483,54.58535],[23.363917,54.586347],[23.363533,54.588632],[23.361693,54.588518],[23.360024,54.588841],[23.360117,54.589211],[23.359208,54.589341],[23.357919,54.588929],[23.357534,54.58828],[23.356835,54.588378],[23.355849,54.58754],[23.351731,54.587358],[23.349066,54.58636],[23.348623,54.585921],[23.349211,54.585187],[23.352078,54.584803],[23.353189,54.584125],[23.354035,54.581643],[23.356376,54.581559],[23.358012,54.581138],[23.3578,54.57903],[23.361127,54.579074],[23.364609,54.577081],[23.364401,54.576119],[23.363604,54.57556],[23.360405,54.575895],[23.359756,54.575735],[23.358174,54.574194],[23.357339,54.572034],[23.3557,54.571664],[23.35361,54.572118],[23.347436,54.571738],[23.345865,54.572199],[23.343816,54.572315],[23.343185,54.571931],[23.341338,54.568226],[23.3371,54.568462],[23.33445,54.568174],[23.331986,54.566927],[23.329697,54.564243],[23.329084,54.564005],[23.319371,54.566556],[23.313621,54.565478],[23.311294,54.564115],[23.30763,54.564528],[23.300759,54.561729],[23.302934,54.560122],[23.303276,54.56026],[23.304724,54.559488],[23.308844,54.561057],[23.310892,54.561062],[23.310959,54.559825],[23.312111,54.559696],[23.313899,54.559988],[23.314953,54.559429],[23.31679,54.559124],[23.316977,54.559489],[23.318798,54.559785],[23.318534,54.558809],[23.314595,54.55717],[23.31024,54.556223],[23.296876,54.556472],[23.291224,54.553136],[23.294353,54.551688],[23.295626,54.552193],[23.29646,54.551874],[23.297085,54.551048],[23.296482,54.550835],[23.305385,54.54644],[23.312777,54.544427],[23.314621,54.540631],[23.313623,54.537896],[23.313918,54.537544],[23.33236,54.536274],[23.332207,54.535294],[23.334291,54.534571],[23.335284,54.53377],[23.339277,54.536994],[23.340415,54.537045],[23.343896,54.53454],[23.34556,54.532012],[23.346095,54.52935],[23.338575,54.528818],[23.333843,54.526468],[23.332275,54.524602],[23.331717,54.523153],[23.327359,54.522042],[23.33027,54.519453],[23.330455,54.518899],[23.334671,54.518675],[23.337458,54.519068],[23.340588,54.520004],[23.342701,54.518294],[23.344784,54.518845],[23.345355,54.518588],[23.347231,54.518909],[23.349323,54.520137],[23.35079,54.5205],[23.351681,54.521533],[23.351127,54.523167],[23.347996,54.524267],[23.347291,54.526573],[23.348822,54.52797],[23.355144,54.528904],[23.354807,54.529672],[23.359522,54.530663],[23.36123,54.531695],[23.364309,54.532002],[23.3658,54.530509],[23.36518,54.529485],[23.365686,54.528243],[23.36889,54.527462],[23.369534,54.527541],[23.369423,54.533319],[23.365863,54.533498],[23.366669,54.535286],[23.366719,54.537106],[23.369113,54.540381],[23.372923,54.537975],[23.373106,54.545731],[23.375922,54.544029],[23.380956,54.545907],[23.387372,54.546059],[23.388,54.550284],[23.387417,54.551985],[23.385861,54.552197],[23.385953,54.565828],[23.391867,54.568598],[23.39463,54.570638],[23.395473,54.570427],[23.394358,54.574367]]]}},{"type":"Feature","properties":{"display_name":"Panevėžio miestas","feature_type":"city","suggested_code":"PM","county_code":"PA","city_code":"PM","iata_region":"SQQ","mc:scopes":"lt sqq pa pm","mc:region":"pm","mc:iata":"sqq","priority":2},"geometry":{"type":"Polygon","coordinates":[[[24.334054,55.696958],[24.353859,55.69794],[24.351416,55.700562],[24.358725,55.70192],[24.361614,55.697996],[24.36487,55.691967],[24.367483,55.68908],[24.374891,55.6907],[24.375901,55.6907],[24.380911,55.700559],[24.381637,55.700435],[24.386434,55.706489],[24.389059,55.702831],[24.391103,55.703283],[24.391525,55.69748],[24.390319,55.695024],[24.39173,55.695009],[24.399583,55.696871],[24.415078,55.701127],[24.418463,55.707027],[24.411476,55.710933],[24.398612,55.708177],[24.39769,55.709339],[24.39222,55.708324],[24.391837,55.709246],[24.389637,55.7107],[24.389254,55.711327],[24.391564,55.712975],[24.389444,55.717722],[24.393061,55.717736],[24.395798,55.718135],[24.39755,55.718884],[24.39845,55.718386],[24.39574,55.727904],[24.394566,55.729487],[24.396024,55.729768],[24.395645,55.730279],[24.396555,55.73044],[24.396285,55.731007],[24.398661,55.731819],[24.398897,55.732572],[24.402325,55.735695],[24.401275,55.736459],[24.403261,55.738949],[24.404277,55.741426],[24.411986,55.742084],[24.412189,55.740466],[24.41426,55.740584],[24.414196,55.741143],[24.416903,55.741283],[24.418674,55.73774],[24.421239,55.737682],[24.425719,55.73474],[24.426022,55.734074],[24.428476,55.734373],[24.429175,55.734529],[24.427471,55.735942],[24.42662,55.737433],[24.422358,55.738858],[24.421808,55.741043],[24.422548,55.741372],[24.421523,55.742159],[24.423059,55.742968],[24.430024,55.742802],[24.429688,55.747087],[24.4228,55.746445],[24.422626,55.748751],[24.420887,55.74863],[24.420808,55.750133],[24.417837,55.749966],[24.41794,55.746431],[24.408392,55.746047],[24.409142,55.749677],[24.403256,55.748688],[24.401058,55.748745],[24.401039,55.749512],[24.399668,55.749566],[24.399442,55.750143],[24.400971,55.750055],[24.40082,55.751466],[24.401721,55.751516],[24.401392,55.75201],[24.396681,55.753337],[24.39418,55.750485],[24.395396,55.750397],[24.394197,55.749067],[24.392935,55.749107],[24.387649,55.750993],[24.388518,55.751804],[24.383666,55.753897],[24.382977,55.758011],[24.383989,55.76817],[24.379331,55.768411],[24.379998,55.770549],[24.378411,55.770913],[24.378871,55.771946],[24.366365,55.769415],[24.367588,55.763896],[24.351409,55.763239],[24.352524,55.760923],[24.349913,55.760165],[24.347477,55.76009],[24.340448,55.757946],[24.33609,55.757549],[24.334097,55.758018],[24.333646,55.75919],[24.329612,55.759081],[24.328965,55.761112],[24.320471,55.760385],[24.312761,55.757285],[24.312685,55.757923],[24.31158,55.757658],[24.30952,55.759927],[24.307932,55.75997],[24.30569,55.759302],[24.306516,55.758542],[24.304365,55.757721],[24.303131,55.758998],[24.289765,55.758024],[24.288812,55.74917],[24.287097,55.749325],[24.286775,55.748263],[24.288638,55.748012],[24.2883,55.745806],[24.272292,55.74573],[24.268165,55.745213],[24.268533,55.743285],[24.267623,55.742658],[24.265345,55.743381],[24.264451,55.743187],[24.263649,55.742387],[24.259453,55.740955],[24.258078,55.740193],[24.258491,55.739625],[24.257288,55.738178],[24.254327,55.739354],[24.254714,55.74015],[24.25013,55.741965],[24.250811,55.742908],[24.240166,55.741309],[24.240555,55.740126],[24.23983,55.738917],[24.235619,55.735343],[24.239891,55.735749],[24.240822,55.736276],[24.241392,55.737163],[24.243089,55.737398],[24.243358,55.738481],[24.245865,55.739091],[24.247663,55.738642],[24.251641,55.735888],[24.252657,55.735669],[24.255439,55.736945],[24.258549,55.73768],[24.260811,55.737544],[24.261715,55.737957],[24.266012,55.738538],[24.272586,55.738777],[24.275444,55.739494],[24.278355,55.739502],[24.280079,55.735436],[24.283756,55.732422],[24.282939,55.728022],[24.286094,55.727612],[24.286241,55.725668],[24.28926,55.723335],[24.288911,55.723042],[24.287913,55.722994],[24.285552,55.723579],[24.284302,55.721932],[24.285881,55.718956],[24.29061,55.720914],[24.290564,55.716677],[24.299164,55.716818],[24.299171,55.715859],[24.313095,55.71658],[24.313027,55.708802],[24.31501,55.707916],[24.307036,55.704335],[24.309772,55.704507],[24.311982,55.704284],[24.312115,55.70185],[24.308604,55.697838],[24.307097,55.697734],[24.310488,55.695132],[24.334054,55.696958]]]}},{"type":"Feature","properties":{"display_name":"Šiaulių miestas","feature_type":"city","suggested_code":"SM","county_code":"SA","city_code":"SM","iata_region":"SQQ","mc:scopes":"lt sqq sa sm","mc:region":"sm","mc:iata":"sqq","priority":2},"geometry":{"type":"Polygon","coordinates":[[[23.420215,55.877462],[23.429009,55.886184],[23.426274,55.889508],[23.418934,55.893439],[23.420055,55.893834],[23.421321,55.895243],[23.4185,55.898112],[23.412967,55.897636],[23.411259,55.898767],[23.41305,55.899907],[23.40636,55.903497],[23.403344,55.907357],[23.393458,55.911325],[23.389721,55.912178],[23.390544,55.914571],[23.381339,55.91574],[23.379766,55.914242],[23.372882,55.912763],[23.36794,55.916878],[23.368587,55.917234],[23.367461,55.917784],[23.36655,55.917209],[23.366801,55.917008],[23.364457,55.915676],[23.360458,55.917598],[23.361942,55.9188],[23.360567,55.91932],[23.36137,55.920327],[23.359333,55.921119],[23.359439,55.923182],[23.367207,55.922803],[23.368508,55.923344],[23.369035,55.927371],[23.368108,55.929223],[23.366273,55.929657],[23.367193,55.931092],[23.362684,55.93304],[23.361814,55.932996],[23.358969,55.931189],[23.356881,55.931715],[23.349906,55.93257],[23.348936,55.943754],[23.343388,55.945932],[23.34623,55.95526],[23.342133,55.956195],[23.346069,55.960352],[23.347908,55.959768],[23.350245,55.961968],[23.3524,55.960919],[23.357322,55.963986],[23.359289,55.965856],[23.357744,55.966432],[23.359289,55.968043],[23.354843,55.969579],[23.346669,55.960997],[23.345253,55.961605],[23.34625,55.962784],[23.334984,55.967379],[23.333309,55.966575],[23.331944,55.967341],[23.32378,55.966426],[23.327541,55.969696],[23.327006,55.970413],[23.325091,55.971262],[23.321485,55.967944],[23.319887,55.968547],[23.320443,55.969038],[23.319169,55.9695],[23.317575,55.968088],[23.313103,55.970094],[23.310249,55.968152],[23.304251,55.966839],[23.30736,55.965611],[23.301831,55.961152],[23.29439,55.96417],[23.291565,55.962078],[23.290197,55.959644],[23.292432,55.95873],[23.290325,55.956957],[23.280348,55.960809],[23.271855,55.95463],[23.282691,55.950207],[23.281867,55.94955],[23.285747,55.947742],[23.278617,55.942555],[23.276681,55.939589],[23.276135,55.940362],[23.266208,55.932653],[23.26574,55.932766],[23.259929,55.927449],[23.25824,55.927447],[23.257775,55.926521],[23.267653,55.922127],[23.249398,55.91681],[23.247524,55.918837],[23.247052,55.9187],[23.246489,55.919302],[23.244922,55.918838],[23.244687,55.919086],[23.237946,55.917122],[23.238648,55.916358],[23.237226,55.915941],[23.239292,55.913693],[23.228003,55.907586],[23.240236,55.899257],[23.24228,55.898382],[23.24247,55.897732],[23.24885,55.894947],[23.251816,55.896576],[23.253221,55.895806],[23.256145,55.893709],[23.262488,55.883713],[23.265547,55.882192],[23.272466,55.887395],[23.269613,55.889316],[23.279294,55.894035],[23.283384,55.892719],[23.291724,55.900295],[23.294413,55.898359],[23.294414,55.902801],[23.295411,55.90365],[23.308302,55.898247],[23.304323,55.896884],[23.31362,55.893245],[23.313435,55.890712],[23.317656,55.890965],[23.306979,55.882576],[23.306084,55.883066],[23.303355,55.883414],[23.300897,55.882947],[23.300653,55.882094],[23.296995,55.881503],[23.294989,55.881464],[23.292786,55.880867],[23.290907,55.880046],[23.287381,55.879273],[23.283465,55.876455],[23.276293,55.874829],[23.269136,55.871778],[23.266196,55.868938],[23.265445,55.86741],[23.26532,55.864102],[23.266211,55.863079],[23.267507,55.862905],[23.268814,55.86054],[23.271296,55.859794],[23.271103,55.859136],[23.272203,55.858411],[23.275461,55.857351],[23.27741,55.857288],[23.279168,55.857594],[23.282463,55.855452],[23.290085,55.852286],[23.29266,55.85143],[23.295782,55.851125],[23.297725,55.850142],[23.299639,55.849917],[23.300921,55.848995],[23.306629,55.847151],[23.312668,55.846591],[23.313242,55.847072],[23.316205,55.847],[23.318469,55.845563],[23.32019,55.84493],[23.322456,55.844863],[23.321343,55.841429],[23.327811,55.840831],[23.329707,55.845513],[23.334352,55.853518],[23.337912,55.852756],[23.344656,55.867028],[23.342004,55.867355],[23.343062,55.870167],[23.345015,55.869928],[23.34442,55.86866],[23.34569,55.868587],[23.346974,55.87139],[23.356509,55.869915],[23.356469,55.867884],[23.364992,55.868942],[23.364854,55.871706],[23.363506,55.875379],[23.361147,55.875126],[23.36192,55.877392],[23.362776,55.878106],[23.361695,55.878514],[23.36424,55.880503],[23.368704,55.881199],[23.370653,55.882432],[23.385589,55.872341],[23.389243,55.875155],[23.392327,55.87388],[23.395455,55.876397],[23.398033,55.877358],[23.400323,55.875838],[23.40447,55.877313],[23.41074,55.874563],[23.416284,55.874434],[23.418827,55.872233],[23.421095,55.87303],[23.417782,55.875639],[23.420215,55.877462]]]}},{"type":"Feature","properties":{"display_name":"Tauragės miestas","feature_type":"city","suggested_code":"TM","county_code":"TA","city_code":"TM","iata_region":"PLQ","mc:scopes":"lt plq ta tm","mc:region":"tm","mc:iata":"plq","priority":2},"geometry":{"type":"Polygon","coordinates":[[[22.286149,55.270115],[22.279567,55.268902],[22.278877,55.26813],[22.277557,55.267612],[22.276729,55.265786],[22.275168,55.2657],[22.275426,55.26523],[22.276627,55.265049],[22.276432,55.263966],[22.274399,55.263279],[22.268266,55.262784],[22.269541,55.260526],[22.257129,55.258043],[22.259125,55.257019],[22.259081,55.252668],[22.260151,55.252548],[22.259651,55.251441],[22.264791,55.251441],[22.265234,55.247873],[22.265904,55.246424],[22.275089,55.248999],[22.277484,55.246958],[22.274432,55.245353],[22.276854,55.243918],[22.27391,55.240414],[22.272226,55.239516],[22.267441,55.239163],[22.266276,55.237013],[22.26383,55.235542],[22.262138,55.233749],[22.259114,55.232159],[22.258631,55.231154],[22.25888,55.230393],[22.26009,55.22955],[22.26529,55.227392],[22.267555,55.228339],[22.267881,55.229168],[22.269215,55.229572],[22.269865,55.230242],[22.275709,55.231958],[22.277388,55.230612],[22.280763,55.22935],[22.280938,55.227951],[22.280434,55.2274],[22.283213,55.225658],[22.284925,55.226064],[22.284767,55.226728],[22.286322,55.227263],[22.288251,55.227411],[22.288232,55.229275],[22.291257,55.229826],[22.292816,55.231385],[22.294379,55.231824],[22.294559,55.232419],[22.295825,55.232722],[22.295691,55.233141],[22.296114,55.233309],[22.300352,55.233918],[22.303401,55.233301],[22.304467,55.233541],[22.305617,55.232545],[22.308806,55.23392],[22.30919,55.23362],[22.311772,55.234769],[22.311348,55.237905],[22.312068,55.237666],[22.312514,55.238737],[22.313165,55.238754],[22.313275,55.242512],[22.319799,55.24392],[22.319137,55.246173],[22.320704,55.246234],[22.321585,55.24679],[22.320973,55.24802],[22.321896,55.249107],[22.317632,55.252336],[22.315449,55.25152],[22.312973,55.252012],[22.313977,55.254142],[22.314328,55.258241],[22.315236,55.260431],[22.31806,55.262221],[22.318211,55.263636],[22.323394,55.269205],[22.32071,55.270218],[22.321208,55.270574],[22.319468,55.271674],[22.319556,55.272304],[22.317558,55.273121],[22.316525,55.274382],[22.317216,55.274651],[22.315857,55.276035],[22.310184,55.274585],[22.306878,55.272821],[22.304681,55.272504],[22.298489,55.275377],[22.295901,55.273575],[22.29943,55.271883],[22.286149,55.270115]]]}},{"type":"Feature","properties":{"display_name":"Telšių miestas","feature_type":"city","suggested_code":"EM","county_code":"EA","city_code":"EM","iata_region":"PLQ","mc:scopes":"lt plq ea em","mc:region":"em","mc:iata":"plq","priority":2},"geometry":{"type":"Polygon","coordinates":[[[22.24757,55.959296],[22.250701,55.953519],[22.254406,55.951798],[22.257642,55.95209],[22.259653,55.952944],[22.260541,55.952809],[22.260889,55.953268],[22.261431,55.952908],[22.268398,55.953862],[22.267105,55.956692],[22.274836,55.956156],[22.275134,55.958926],[22.278614,55.958713],[22.275883,55.961371],[22.280047,55.962438],[22.284333,55.958451],[22.284284,55.957742],[22.288642,55.957512],[22.29001,55.963488],[22.290584,55.964636],[22.291543,55.964707],[22.278517,55.970196],[22.279441,55.970431],[22.281097,55.973267],[22.281691,55.97497],[22.281904,55.97912],[22.27824,55.989887],[22.277902,55.999341],[22.277259,56.002443],[22.27595,56.005334],[22.238823,56.004079],[22.238776,56.002435],[22.236692,56.002715],[22.236163,56.002448],[22.234809,55.999915],[22.234934,55.999267],[22.233681,55.999031],[22.232286,55.998161],[22.231977,55.997426],[22.22398,55.996273],[22.223904,55.994302],[22.223338,55.99342],[22.225664,55.991126],[22.224594,55.990322],[22.224614,55.989722],[22.209399,55.987725],[22.205103,55.987893],[22.19819,55.989107],[22.196444,55.988566],[22.195947,55.988666],[22.195701,55.98804],[22.19626,55.986489],[22.194109,55.98624],[22.193317,55.985776],[22.193022,55.985],[22.191409,55.98466],[22.191078,55.984286],[22.184993,55.984305],[22.185961,55.982461],[22.187488,55.981774],[22.186908,55.981303],[22.185424,55.980566],[22.184943,55.980894],[22.183328,55.980475],[22.181241,55.980989],[22.181004,55.980074],[22.184579,55.978409],[22.186061,55.979254],[22.185027,55.979858],[22.185599,55.980074],[22.187162,55.979687],[22.189546,55.980408],[22.189742,55.981222],[22.203816,55.97874],[22.208353,55.978543],[22.208442,55.977746],[22.207914,55.977772],[22.206511,55.974794],[22.204293,55.974571],[22.199259,55.970257],[22.202866,55.96687],[22.204631,55.967421],[22.20647,55.967346],[22.206316,55.966687],[22.221286,55.965503],[22.220713,55.964196],[22.214793,55.963984],[22.213688,55.963563],[22.211293,55.96414],[22.210749,55.963869],[22.209709,55.964268],[22.207652,55.964133],[22.207255,55.963554],[22.211626,55.95968],[22.212386,55.958396],[22.218054,55.96047],[22.21865,55.959989],[22.219443,55.960551],[22.220421,55.9601],[22.222143,55.961378],[22.223636,55.960111],[22.225481,55.959357],[22.227407,55.95899],[22.229606,55.964596],[22.236623,55.962116],[22.236755,55.962309],[22.240754,55.960987],[22.242162,55.960948],[22.246107,55.95926],[22.24757,55.959296]]]}},{"type":"Feature","properties":{"display_name":"Utenos miestas","feature_type":"city","suggested_code":"UM","county_code":"UA","city_code":"UM","iata_region":"VNO","mc:scopes":"lt vno ua um","mc:region":"um","mc:iata":"vno","priority":2},"geometry":{"type":"Polygon","coordinates":[[[25.655447,55.499639],[25.651402,55.504163],[25.64961,55.508575],[25.644652,55.513327],[25.649474,55.515182],[25.646909,55.515629],[25.642295,55.518229],[25.639163,55.517743],[25.637789,55.516601],[25.636491,55.516279],[25.63485,55.516698],[25.634093,55.516384],[25.629238,55.51909],[25.627168,55.519536],[25.62706,55.519749],[25.629206,55.52012],[25.629362,55.520372],[25.627597,55.521714],[25.62434,55.517833],[25.622377,55.520303],[25.620629,55.519967],[25.617451,55.520851],[25.614154,55.520189],[25.61224,55.520262],[25.611937,55.520871],[25.601514,55.524604],[25.601896,55.524043],[25.599641,55.522752],[25.598884,55.520988],[25.59786,55.520586],[25.595631,55.521046],[25.59487,55.519612],[25.59388,55.52062],[25.58895,55.521392],[25.587898,55.522667],[25.585664,55.523744],[25.584216,55.523711],[25.583123,55.522857],[25.578195,55.522736],[25.578778,55.520691],[25.580055,55.520192],[25.580338,55.519662],[25.582906,55.520026],[25.583509,55.519247],[25.585405,55.519425],[25.585403,55.518893],[25.586164,55.518345],[25.586855,55.51828],[25.587003,55.517467],[25.587785,55.517195],[25.586201,55.515817],[25.586427,55.514802],[25.589216,55.514387],[25.590493,55.514663],[25.590474,55.514268],[25.591072,55.514112],[25.59081,55.513713],[25.591441,55.513095],[25.591327,55.512555],[25.592194,55.512218],[25.59228,55.511745],[25.590957,55.511691],[25.590459,55.513298],[25.58664,55.513554],[25.586276,55.513078],[25.581954,55.513565],[25.580898,55.513337],[25.579601,55.513645],[25.576067,55.513321],[25.57434,55.513534],[25.572564,55.514752],[25.569434,55.515949],[25.567283,55.51509],[25.566525,55.515767],[25.565196,55.514846],[25.564311,55.51327],[25.560599,55.510625],[25.56135,55.510382],[25.55988,55.508589],[25.559301,55.508732],[25.558595,55.508458],[25.556983,55.507134],[25.557714,55.50626],[25.558045,55.504576],[25.559435,55.503501],[25.560588,55.503015],[25.560803,55.503467],[25.561264,55.502999],[25.565583,55.502659],[25.565404,55.501818],[25.568125,55.501751],[25.567777,55.496429],[25.567904,55.495549],[25.568712,55.495549],[25.568758,55.495321],[25.553383,55.494433],[25.550267,55.488635],[25.558759,55.487628],[25.559115,55.487165],[25.55717,55.486727],[25.556103,55.485826],[25.556061,55.484704],[25.558308,55.483656],[25.56253,55.48369],[25.564155,55.482182],[25.569046,55.483011],[25.571493,55.481568],[25.573544,55.482375],[25.577331,55.48159],[25.578253,55.481359],[25.576074,55.479478],[25.577186,55.478957],[25.577374,55.479157],[25.578718,55.478746],[25.585977,55.479072],[25.588272,55.479656],[25.591859,55.481631],[25.595159,55.482522],[25.609017,55.482797],[25.609022,55.482356],[25.612675,55.482612],[25.615962,55.483466],[25.62237,55.486487],[25.625872,55.487466],[25.630116,55.48748],[25.640223,55.485213],[25.642779,55.485448],[25.650004,55.48785],[25.653125,55.489718],[25.654618,55.491704],[25.653387,55.491875],[25.65357,55.493036],[25.655158,55.492823],[25.656284,55.495248],[25.656352,55.497337],[25.655447,55.499639]]]}},{"type":"Feature","properties":{"display_name":"Vilniaus miestas","feature_type":"city","suggested_code":"VM","county_code":"VA","city_code":"VM","iata_region":"VNO","mc:scopes":"lt vno va vm","mc:region":"vm","mc:iata":"vno","priority":2},"geometry":{"type":"Polygon","coordinates":[[[25.10362,54.660019],[25.106895,54.659783],[25.107477,54.659251],[25.108322,54.659494],[25.109639,54.659133],[25.110651,54.658384],[25.109906,54.658194],[25.110111,54.655918],[25.105975,54.655681],[25.09056,54.656558],[25.087972,54.655811],[25.086647,54.656246],[25.081874,54.655526],[25.073845,54.655512],[25.073272,54.649768],[25.075009,54.649703],[25.074407,54.643712],[25.068303,54.643942],[25.068318,54.642641],[25.076855,54.639986],[25.076597,54.639294],[25.071752,54.636956],[25.064962,54.637071],[25.065169,54.635246],[25.058419,54.635026],[25.059671,54.632665],[25.050408,54.631823],[25.049724,54.63156],[25.049661,54.63109],[25.044821,54.631676],[25.04529,54.629959],[25.040103,54.62953],[25.024535,54.623194],[25.066091,54.61973],[25.071175,54.609736],[25.073484,54.607999],[25.074488,54.606673],[25.075603,54.601199],[25.078445,54.599101],[25.083992,54.605232],[25.099321,54.609011],[25.104964,54.603873],[25.107342,54.605094],[25.115326,54.601268],[25.115496,54.601019],[25.112395,54.596988],[25.114504,54.592005],[25.0967,54.589877],[25.092548,54.589784],[25.093218,54.589064],[25.093609,54.589104],[25.103405,54.582816],[25.113032,54.578365],[25.115392,54.578707],[25.121279,54.569692],[25.131619,54.573637],[25.129136,54.579001],[25.135275,54.57741],[25.138054,54.579114],[25.141665,54.578243],[25.141724,54.579092],[25.14549,54.578187],[25.148442,54.576526],[25.148199,54.573514],[25.157146,54.570933],[25.180097,54.568906],[25.18134,54.569251],[25.18638,54.569536],[25.185602,54.580205],[25.186354,54.580255],[25.183372,54.589327],[25.185148,54.591428],[25.184556,54.592032],[25.182399,54.592683],[25.182859,54.593208],[25.176715,54.595912],[25.177548,54.597871],[25.172857,54.598723],[25.171604,54.59869],[25.16964,54.597887],[25.168202,54.597677],[25.166078,54.598462],[25.165212,54.599335],[25.163645,54.599271],[25.162839,54.599646],[25.166813,54.601378],[25.168827,54.603109],[25.167704,54.603214],[25.167854,54.603426],[25.166674,54.603737],[25.166566,54.604029],[25.168202,54.605613],[25.171043,54.60507],[25.173325,54.606692],[25.175899,54.606031],[25.17663,54.606545],[25.178272,54.606138],[25.179977,54.605259],[25.182165,54.60559],[25.187562,54.603474],[25.186549,54.603025],[25.190612,54.601488],[25.191506,54.602351],[25.193522,54.601475],[25.195515,54.602295],[25.199048,54.600624],[25.200223,54.600342],[25.200716,54.600648],[25.202222,54.599595],[25.208793,54.591485],[25.21049,54.590249],[25.211595,54.588838],[25.211456,54.587837],[25.212121,54.587526],[25.214086,54.588977],[25.216367,54.588522],[25.221427,54.588473],[25.225178,54.587756],[25.230807,54.58468],[25.233846,54.582211],[25.233457,54.577396],[25.238635,54.574587],[25.240948,54.574872],[25.243438,54.576088],[25.245143,54.577398],[25.249108,54.576481],[25.249371,54.576944],[25.246431,54.577889],[25.236212,54.583573],[25.238616,54.584719],[25.239093,54.585791],[25.240955,54.586792],[25.236317,54.589097],[25.238487,54.590964],[25.238256,54.591141],[25.24085,54.592979],[25.243042,54.592777],[25.246172,54.590164],[25.246872,54.590069],[25.249713,54.592825],[25.248938,54.593313],[25.248476,54.594267],[25.248824,54.594993],[25.250802,54.594467],[25.253402,54.592987],[25.252737,54.592461],[25.254088,54.591261],[25.256598,54.590651],[25.257027,54.591366],[25.260521,54.592055],[25.261452,54.590668],[25.263324,54.590715],[25.264268,54.592066],[25.268166,54.591819],[25.268405,54.592633],[25.270947,54.592494],[25.279557,54.594857],[25.283521,54.594523],[25.287608,54.59466],[25.287546,54.592592],[25.311817,54.598748],[25.31413,54.599031],[25.313696,54.602691],[25.322402,54.603762],[25.32131,54.60695],[25.325262,54.607658],[25.330882,54.609702],[25.327145,54.612138],[25.32171,54.617154],[25.320762,54.625611],[25.327937,54.626783],[25.325976,54.631165],[25.321637,54.630042],[25.320571,54.631276],[25.319637,54.639331],[25.319852,54.647066],[25.322007,54.646528],[25.323616,54.648657],[25.35138,54.641764],[25.351937,54.642127],[25.354065,54.641342],[25.360884,54.639747],[25.36336,54.639567],[25.363359,54.641905],[25.364117,54.643227],[25.370968,54.647218],[25.379534,54.656515],[25.380267,54.657558],[25.381718,54.662623],[25.382631,54.66399],[25.384369,54.665318],[25.386759,54.66634],[25.390077,54.666996],[25.401001,54.668035],[25.403409,54.668942],[25.404174,54.669425],[25.404767,54.675586],[25.408995,54.675627],[25.410306,54.676352],[25.409437,54.680713],[25.412555,54.681515],[25.414991,54.678102],[25.418624,54.677437],[25.420719,54.675989],[25.425151,54.675478],[25.428428,54.674224],[25.430512,54.67525],[25.431165,54.676645],[25.432695,54.675523],[25.437039,54.673698],[25.438592,54.67513],[25.446305,54.675746],[25.451096,54.678303],[25.445632,54.681731],[25.449405,54.685273],[25.458343,54.687357],[25.462468,54.685944],[25.46556,54.687984],[25.467345,54.688471],[25.469828,54.688644],[25.471949,54.688198],[25.473535,54.686447],[25.475262,54.68525],[25.476295,54.685292],[25.477182,54.685698],[25.478239,54.68541],[25.480391,54.686077],[25.481406,54.687659],[25.479895,54.693131],[25.481457,54.693487],[25.479788,54.696983],[25.472587,54.695443],[25.465395,54.695488],[25.464981,54.69703],[25.460437,54.696899],[25.466113,54.70439],[25.464661,54.708463],[25.463786,54.708216],[25.464084,54.707881],[25.462104,54.707469],[25.461756,54.707929],[25.45961,54.707575],[25.458964,54.707776],[25.458591,54.707101],[25.457717,54.706791],[25.45786,54.706196],[25.451883,54.705587],[25.441034,54.70792],[25.437947,54.710584],[25.436994,54.711905],[25.435753,54.712222],[25.433221,54.714277],[25.430636,54.713889],[25.429323,54.713999],[25.427502,54.715757],[25.425889,54.712501],[25.427692,54.712077],[25.428735,54.710656],[25.427055,54.709112],[25.418351,54.711325],[25.415103,54.711839],[25.414572,54.711657],[25.41246,54.71318],[25.412093,54.718356],[25.408348,54.717948],[25.408214,54.723383],[25.409418,54.723431],[25.409249,54.723681],[25.409887,54.723865],[25.410127,54.723522],[25.410711,54.723679],[25.41045,54.724027],[25.412045,54.724486],[25.412458,54.726567],[25.411973,54.728202],[25.418317,54.728101],[25.418338,54.728755],[25.423748,54.729249],[25.42562,54.729869],[25.424943,54.735398],[25.427801,54.736092],[25.427045,54.738963],[25.43824,54.740388],[25.437798,54.741987],[25.440471,54.744073],[25.44396,54.743353],[25.444207,54.742535],[25.448119,54.740749],[25.451459,54.740874],[25.454001,54.76754],[25.455151,54.795446],[25.455837,54.797865],[25.455041,54.801738],[25.415703,54.799244],[25.416042,54.803674],[25.408051,54.803922],[25.409572,54.805403],[25.377155,54.80578],[25.37742,54.815836],[25.363132,54.815945],[25.36094,54.81634],[25.360601,54.816634],[25.359629,54.82023],[25.360249,54.821462],[25.365577,54.823715],[25.367894,54.825378],[25.366237,54.825981],[25.358349,54.82189],[25.356658,54.81992],[25.356847,54.818398],[25.360115,54.813596],[25.359196,54.811233],[25.360619,54.809626],[25.360855,54.808445],[25.359722,54.806276],[25.356538,54.80628],[25.355525,54.808327],[25.35457,54.808562],[25.354084,54.810305],[25.35153,54.812983],[25.350867,54.814473],[25.349402,54.814078],[25.351323,54.811092],[25.350591,54.808557],[25.350168,54.808408],[25.342353,54.810152],[25.336968,54.810756],[25.335907,54.810078],[25.331516,54.809533],[25.329162,54.810431],[25.327882,54.811329],[25.327545,54.813506],[25.328836,54.814278],[25.326748,54.815836],[25.326204,54.815607],[25.324877,54.815753],[25.324347,54.817321],[25.321607,54.817131],[25.321494,54.818079],[25.335413,54.821297],[25.334375,54.823637],[25.331483,54.823527],[25.329792,54.824392],[25.330051,54.824642],[25.325407,54.825764],[25.326226,54.82616],[25.32538,54.826861],[25.32406,54.82666],[25.324777,54.825813],[25.321302,54.826379],[25.320022,54.825829],[25.320513,54.82728],[25.317605,54.829023],[25.316837,54.830331],[25.314461,54.83232],[25.306487,54.829388],[25.305327,54.826761],[25.302776,54.826822],[25.301545,54.825684],[25.300173,54.825662],[25.298841,54.826943],[25.297697,54.82698],[25.297646,54.827383],[25.29628,54.827457],[25.296058,54.827063],[25.293748,54.827197],[25.289401,54.822671],[25.286173,54.823331],[25.284541,54.82323],[25.283986,54.822455],[25.286137,54.821855],[25.2854,54.821187],[25.287551,54.820738],[25.286732,54.819784],[25.285874,54.8171],[25.28626,54.816409],[25.285331,54.815185],[25.285159,54.813555],[25.287335,54.812081],[25.290066,54.813167],[25.291547,54.812431],[25.291733,54.811592],[25.294124,54.811702],[25.293978,54.809563],[25.291415,54.809292],[25.290306,54.809579],[25.28912,54.808418],[25.289934,54.807599],[25.289354,54.806866],[25.289657,54.805942],[25.290901,54.805199],[25.28949,54.801633],[25.287358,54.802151],[25.287826,54.799971],[25.289576,54.80026],[25.290421,54.799467],[25.28863,54.798349],[25.290859,54.798104],[25.288248,54.79546],[25.282207,54.796513],[25.280791,54.794505],[25.27569,54.794179],[25.275441,54.783646],[25.274166,54.778267],[25.284543,54.778512],[25.284815,54.774348],[25.276617,54.775021],[25.27596,54.77396],[25.272264,54.774342],[25.272534,54.775524],[25.27113,54.775489],[25.270713,54.776388],[25.268607,54.776357],[25.268112,54.77715],[25.265064,54.776953],[25.26496,54.775512],[25.267112,54.774374],[25.268156,54.772714],[25.247967,54.766746],[25.249285,54.765559],[25.245969,54.763639],[25.24468,54.763544],[25.243351,54.762452],[25.243833,54.761123],[25.243511,54.76014],[25.243025,54.759986],[25.24186,54.758],[25.240848,54.757942],[25.240704,54.757376],[25.239321,54.757388],[25.23907,54.757933],[25.237056,54.758004],[25.236649,54.757041],[25.229752,54.757667],[25.229445,54.75409],[25.218291,54.756185],[25.217744,54.754101],[25.215322,54.751009],[25.214156,54.750144],[25.202983,54.75951],[25.200057,54.756585],[25.20003,54.756071],[25.197474,54.754115],[25.19407,54.757396],[25.191299,54.754555],[25.186878,54.753185],[25.188799,54.750843],[25.182526,54.748813],[25.180747,54.752357],[25.174681,54.753381],[25.174925,54.752552],[25.173748,54.751832],[25.17362,54.747507],[25.176359,54.746338],[25.177915,54.744335],[25.176518,54.743741],[25.179605,54.741928],[25.182075,54.73978],[25.190204,54.735899],[25.192563,54.735582],[25.195337,54.735954],[25.195422,54.737382],[25.193414,54.741254],[25.195856,54.743223],[25.19943,54.744757],[25.201223,54.744257],[25.205231,54.745187],[25.206073,54.741525],[25.205697,54.728239],[25.203425,54.727424],[25.202342,54.727597],[25.201595,54.72661],[25.201811,54.726187],[25.200964,54.72578],[25.201988,54.724548],[25.201212,54.721884],[25.202234,54.720281],[25.201187,54.719785],[25.202425,54.717684],[25.201811,54.717494],[25.201439,54.716802],[25.200041,54.716988],[25.199931,54.715759],[25.199129,54.714909],[25.199522,54.713942],[25.199012,54.713084],[25.196352,54.715601],[25.191641,54.716363],[25.190981,54.716295],[25.190251,54.715489],[25.188434,54.715369],[25.186288,54.718361],[25.187965,54.7195],[25.187317,54.721579],[25.186391,54.721411],[25.180823,54.722129],[25.177789,54.723421],[25.178072,54.72376],[25.170111,54.727026],[25.16789,54.725121],[25.165324,54.725969],[25.163974,54.727272],[25.160717,54.728396],[25.154303,54.729656],[25.152484,54.725683],[25.147667,54.724712],[25.152533,54.715039],[25.150193,54.713827],[25.149576,54.712234],[25.148387,54.710808],[25.14486,54.709837],[25.14038,54.71083],[25.139865,54.710075],[25.138998,54.710183],[25.137252,54.708878],[25.139099,54.70758],[25.135125,54.707166],[25.134479,54.705997],[25.132497,54.706263],[25.127533,54.707763],[25.126154,54.70626],[25.113223,54.708966],[25.105852,54.703834],[25.103727,54.704492],[25.10103,54.702239],[25.10562,54.701042],[25.110413,54.70063],[25.118278,54.698838],[25.118839,54.699563],[25.124156,54.699124],[25.12497,54.698393],[25.129042,54.697422],[25.131993,54.696371],[25.133786,54.696607],[25.134832,54.695377],[25.137522,54.697222],[25.142282,54.698232],[25.145949,54.698123],[25.145428,54.696882],[25.147704,54.696096],[25.149943,54.696847],[25.152013,54.698384],[25.15348,54.700427],[25.154131,54.7008],[25.156178,54.701096],[25.160284,54.70039],[25.164027,54.699231],[25.163856,54.698394],[25.16575,54.698262],[25.165985,54.698635],[25.167155,54.697859],[25.168927,54.697397],[25.169821,54.698252],[25.17363,54.698584],[25.173647,54.699266],[25.176091,54.699641],[25.176027,54.700215],[25.180394,54.70132],[25.181982,54.699405],[25.18233,54.694335],[25.186954,54.690804],[25.188155,54.685483],[25.191893,54.683048],[25.189542,54.680843],[25.178023,54.673498],[25.176431,54.673394],[25.174119,54.672505],[25.172569,54.672274],[25.167877,54.672027],[25.165622,54.672714],[25.163913,54.674531],[25.161433,54.679389],[25.159716,54.680534],[25.158386,54.680766],[25.155881,54.680614],[25.154884,54.68035],[25.15345,54.679308],[25.151551,54.679076],[25.148386,54.679476],[25.144433,54.680958],[25.142228,54.681433],[25.138564,54.681368],[25.135694,54.680986],[25.131705,54.678994],[25.129828,54.678445],[25.128427,54.676983],[25.127215,54.676316],[25.121717,54.673976],[25.118898,54.673248],[25.116688,54.673034],[25.114596,54.673211],[25.110369,54.673747],[25.106736,54.674699],[25.102091,54.67042],[25.111231,54.667721],[25.112857,54.666624],[25.113204,54.664951],[25.111655,54.664779],[25.11108,54.665573],[25.107727,54.666541],[25.106745,54.667348],[25.106694,54.66821],[25.105975,54.668357],[25.104223,54.667719],[25.102577,54.665602],[25.099876,54.665267],[25.098315,54.665472],[25.094599,54.663986],[25.093736,54.663925],[25.093177,54.664125],[25.092698,54.66505],[25.091093,54.665533],[25.09236,54.667526],[25.091634,54.668095],[25.090917,54.668198],[25.090112,54.667633],[25.08951,54.666449],[25.086472,54.667014],[25.085987,54.665788],[25.085335,54.665873],[25.084464,54.664176],[25.083281,54.664343],[25.082554,54.663449],[25.08614,54.661847],[25.094872,54.661823],[25.109885,54.663858],[25.108016,54.662602],[25.106187,54.662705],[25.105302,54.662444],[25.103537,54.660457],[25.10362,54.660019]]]}},{"type":"Feature","properties":{"display_name":"Alytaus apskritis","feature_type":"county","suggested_code":"AA","county_code":"AA","city_code":"AM","iata_region":"KUN","mc:scopes":"lt kun aa","mc:region":"aa","mc:iata":"kun","priority":1},"geometry":{"type":"Polygon","coordinates":[[[24.418901,54.489875],[24.416747,54.504965],[24.409426,54.504956],[24.408652,54.511507],[24.416221,54.511636],[24.424056,54.513395],[24.419832,54.515292],[24.4179,54.514017],[24.414949,54.514088],[24.413665,54.51505],[24.407175,54.516569],[24.40435,54.519146],[24.409214,54.520912],[24.413503,54.521032],[24.413176,54.523462],[24.405338,54.524844],[24.40671,54.527176],[24.408989,54.526341],[24.413196,54.52945],[24.414297,54.53328],[24.411342,54.534623],[24.406898,54.536331],[24.405327,54.533927],[24.400433,54.532988],[24.400281,54.529761],[24.394557,54.529833],[24.392728,54.527669],[24.39545,54.523213],[24.389946,54.523112],[24.386638,54.524965],[24.382661,54.52235],[24.375748,54.525121],[24.371054,54.521185],[24.367958,54.524652],[24.360975,54.520637],[24.357802,54.522606],[24.358041,54.523697],[24.34425,54.527586],[24.335784,54.524306],[24.330071,54.524729],[24.318919,54.522107],[24.27328,54.530155],[24.267388,54.540867],[24.265585,54.540846],[24.266739,54.549504],[24.264893,54.550251],[24.264612,54.5567],[24.272991,54.558359],[24.276868,54.560378],[24.273863,54.562309],[24.263456,54.561344],[24.25958,54.563483],[24.257986,54.562617],[24.256059,54.558526],[24.246397,54.55768],[24.246395,54.55664],[24.240704,54.556521],[24.240896,54.554581],[24.225838,54.553435],[24.224579,54.555575],[24.205208,54.553354],[24.197771,54.543179],[24.198155,54.537428],[24.160446,54.536416],[24.146936,54.537343],[24.146662,54.538314],[24.137168,54.538992],[24.128922,54.538597],[24.121437,54.532457],[24.114046,54.530085],[24.108885,54.530023],[24.101747,54.526594],[24.103254,54.53145],[24.099961,54.535905],[24.09929,54.540216],[24.083631,54.551374],[24.077423,54.553038],[24.062731,54.554655],[24.050074,54.553745],[24.03819,54.551063],[24.028893,54.55053],[24.021612,54.547676],[24.013833,54.546004],[24.011287,54.544455],[24.008606,54.539628],[24.003067,54.533935],[24.000548,54.528313],[24.000104,54.523867],[23.991927,54.515874],[23.992664,54.514257],[23.995498,54.512734],[24.007434,54.512634],[24.011733,54.510944],[24.012126,54.505402],[24.006654,54.498464],[23.995275,54.493576],[23.985079,54.490829],[23.976845,54.491107],[23.971114,54.493314],[23.96808,54.490221],[23.968072,54.488049],[23.966117,54.487778],[23.967051,54.485914],[23.942063,54.484313],[23.938034,54.483359],[23.935797,54.484188],[23.905019,54.483883],[23.900849,54.482996],[23.898853,54.47632],[23.902141,54.474096],[23.904719,54.474096],[23.905289,54.470279],[23.906996,54.469099],[23.906897,54.466193],[23.910608,54.464758],[23.878894,54.457979],[23.859564,54.454694],[23.859491,54.45655],[23.85757,54.457467],[23.858528,54.461655],[23.86996,54.461113],[23.871273,54.467413],[23.836097,54.470024],[23.830342,54.468055],[23.805515,54.469804],[23.799249,54.473858],[23.795751,54.472745],[23.795107,54.471127],[23.792988,54.470371],[23.797017,54.467972],[23.793487,54.465285],[23.795952,54.463556],[23.792658,54.461585],[23.792433,54.460185],[23.789592,54.460166],[23.788447,54.46273],[23.783089,54.464566],[23.778303,54.459303],[23.770932,54.460662],[23.767247,54.463342],[23.764886,54.468933],[23.755396,54.468733],[23.751492,54.465743],[23.725158,54.472806],[23.713935,54.483877],[23.684021,54.474224],[23.675516,54.483839],[23.668724,54.499487],[23.669046,54.502651],[23.662233,54.508949],[23.656838,54.512029],[23.643171,54.513199],[23.639878,54.513147],[23.638008,54.511366],[23.632828,54.511083],[23.624028,54.508204],[23.617491,54.500147],[23.616782,54.493491],[23.61331,54.493229],[23.613472,54.491131],[23.61525,54.4893],[23.613042,54.486804],[23.5983,54.486809],[23.561861,54.473101],[23.537245,54.470968],[23.531161,54.466126],[23.514411,54.467519],[23.510549,54.466234],[23.510141,54.464827],[23.511741,54.464455],[23.51114,54.463182],[23.510185,54.463181],[23.511913,54.414327],[23.49981,54.414429],[23.499897,54.415469],[23.488084,54.41482],[23.454314,54.400501],[23.454142,54.398711],[23.450065,54.398821],[23.448263,54.400826],[23.432376,54.401193],[23.430642,54.398547],[23.439822,54.394431],[23.44119,54.390704],[23.43561,54.389541],[23.438509,54.385078],[23.438618,54.377899],[23.443174,54.370825],[23.444251,54.366083],[23.399236,54.367313],[23.392423,54.362595],[23.365039,54.359067],[23.36581,54.353496],[23.368542,54.351165],[23.357556,54.344432],[23.347495,54.346879],[23.344333,54.338728],[23.34628,54.335475],[23.346343,54.331768],[23.337662,54.328761],[23.336774,54.327203],[23.338738,54.324212],[23.33949,54.318185],[23.344856,54.310625],[23.343237,54.308383],[23.311954,54.296447],[23.331588,54.277617],[23.331069,54.269828],[23.322851,54.269897],[23.321509,54.253301],[23.337519,54.251724],[23.348411,54.24568],[23.358238,54.233603],[23.361724,54.231016],[23.366225,54.22993],[23.373665,54.230448],[23.376602,54.228983],[23.381284,54.228935],[23.383964,54.226116],[23.386785,54.224838],[23.385555,54.219627],[23.386707,54.218283],[23.394206,54.216853],[23.396663,54.213746],[23.396708,54.209599],[23.397948,54.207235],[23.403839,54.202194],[23.406379,54.196342],[23.411697,54.193336],[23.419158,54.19112],[23.419888,54.187046],[23.422441,54.183435],[23.424473,54.177529],[23.43899,54.177566],[23.451018,54.175791],[23.458995,54.175537],[23.46123,54.167777],[23.47022,54.164115],[23.475521,54.163416],[23.47333,54.158088],[23.482451,54.153457],[23.485848,54.153227],[23.489461,54.144626],[23.491168,54.135553],[23.495335,54.132571],[23.492616,54.117007],[23.496467,54.113027],[23.502023,54.112935],[23.506962,54.099496],[23.518323,54.089797],[23.51839,54.078679],[23.521298,54.074293],[23.524265,54.072844],[23.528601,54.06578],[23.525906,54.056887],[23.52764,54.053553],[23.527337,54.047347],[23.523289,54.037696],[23.526121,54.033484],[23.524878,54.03108],[23.516199,54.028583],[23.515541,54.025783],[23.511451,54.021695],[23.513228,54.017948],[23.5097,54.014516],[23.508975,54.011797],[23.500841,54.00771],[23.503182,54.007396],[23.50358,54.006534],[23.500036,54.006865],[23.5002,54.007601],[23.497275,54.008418],[23.496274,54.007441],[23.497892,54.006201],[23.495462,54.005754],[23.494787,54.006813],[23.493237,54.0071],[23.490551,54.005285],[23.49077,54.004246],[23.492139,54.003992],[23.491363,54.003079],[23.486537,54.001589],[23.486695,54.000343],[23.484136,54.000158],[23.484199,53.999348],[23.481875,53.999831],[23.480697,53.998015],[23.482281,53.997303],[23.482495,53.994827],[23.484273,53.9949],[23.48478,53.992169],[23.483667,53.991647],[23.484306,53.991044],[23.482409,53.991032],[23.48228,53.989375],[23.485003,53.989645],[23.485445,53.988017],[23.484465,53.987533],[23.486319,53.986935],[23.484735,53.985444],[23.486115,53.985193],[23.485214,53.984689],[23.48768,53.983245],[23.487588,53.982204],[23.489279,53.982787],[23.487895,53.98136],[23.488427,53.980449],[23.486042,53.979281],[23.487998,53.979023],[23.486691,53.978346],[23.489559,53.977249],[23.488,53.976434],[23.489829,53.97646],[23.489164,53.974663],[23.491099,53.974425],[23.490383,53.973889],[23.492245,53.973044],[23.493623,53.97382],[23.494407,53.972833],[23.495353,53.973593],[23.49674,53.971915],[23.498241,53.971793],[23.498088,53.970202],[23.495335,53.969534],[23.496957,53.9682],[23.501131,53.968869],[23.502109,53.967838],[23.500542,53.967167],[23.503329,53.966594],[23.503599,53.967504],[23.504473,53.965887],[23.507393,53.966108],[23.505541,53.964714],[23.509314,53.964039],[23.508892,53.963067],[23.509953,53.962505],[23.512722,53.962245],[23.511199,53.961143],[23.515492,53.960073],[23.515729,53.959103],[23.514362,53.958692],[23.516456,53.957509],[23.514693,53.956328],[23.517241,53.955766],[23.516042,53.954832],[23.518065,53.954767],[23.518073,53.954093],[23.520616,53.954222],[23.520358,53.95552],[23.522698,53.954429],[23.522232,53.95528],[23.524045,53.955062],[23.524265,53.955991],[23.526616,53.95609],[23.527802,53.955012],[23.52728,53.953945],[23.529195,53.954421],[23.530271,53.953521],[23.527528,53.953096],[23.527978,53.951514],[23.529314,53.950613],[23.530948,53.950903],[23.531224,53.949734],[23.532256,53.949976],[23.53288,53.948606],[23.531295,53.947306],[23.53272,53.947611],[23.535343,53.946047],[23.534898,53.945519],[23.538164,53.944866],[23.537976,53.944322],[23.536887,53.944541],[23.537082,53.941816],[23.538712,53.942954],[23.539958,53.941394],[23.541109,53.942355],[23.540121,53.942185],[23.540489,53.943037],[23.541472,53.942374],[23.542574,53.942901],[23.544048,53.942492],[23.543738,53.943137],[23.545091,53.943613],[23.54597,53.942764],[23.545681,53.943902],[23.547141,53.944227],[23.547593,53.943457],[23.548154,53.9445],[23.550463,53.942086],[23.552232,53.943234],[23.55586,53.942618],[23.556244,53.941597],[23.557678,53.941975],[23.556883,53.940746],[23.558909,53.941116],[23.558272,53.940427],[23.560781,53.939008],[23.563575,53.940304],[23.562293,53.942431],[23.564891,53.941469],[23.564772,53.942895],[23.565182,53.942238],[23.566536,53.943154],[23.568425,53.942989],[23.568249,53.943588],[23.569114,53.943146],[23.568788,53.944564],[23.570069,53.943466],[23.571096,53.944033],[23.572498,53.943363],[23.573314,53.942052],[23.574827,53.942847],[23.577034,53.941533],[23.581446,53.942721],[23.580927,53.941983],[23.582977,53.941544],[23.58197,53.941198],[23.583022,53.940051],[23.581759,53.93878],[23.583333,53.937996],[23.584983,53.938499],[23.584596,53.937316],[23.58681,53.936622],[23.589625,53.937823],[23.590175,53.937224],[23.59122,53.937544],[23.593237,53.935365],[23.595056,53.936648],[23.59565,53.936069],[23.594193,53.935073],[23.595323,53.934313],[23.597043,53.934985],[23.596103,53.935428],[23.597786,53.936842],[23.599139,53.935888],[23.600156,53.936159],[23.600332,53.934302],[23.5981,53.933707],[23.598552,53.932958],[23.600149,53.932838],[23.599409,53.932635],[23.60104,53.93075],[23.599471,53.931069],[23.598099,53.929582],[23.599336,53.928892],[23.600605,53.929449],[23.601445,53.927673],[23.604908,53.927735],[23.610364,53.924715],[23.614764,53.927615],[23.630537,53.927816],[23.635438,53.930807],[23.652057,53.934968],[23.657616,53.934577],[23.666795,53.931032],[23.670203,53.931489],[23.671456,53.933587],[23.675057,53.934954],[23.678337,53.933685],[23.679175,53.932295],[23.681943,53.931965],[23.68591,53.933531],[23.690343,53.932847],[23.696439,53.935218],[23.69971,53.935274],[23.701391,53.934027],[23.703136,53.933881],[23.703716,53.934822],[23.708794,53.936636],[23.707606,53.938902],[23.709765,53.93945],[23.713086,53.937192],[23.716557,53.936903],[23.718428,53.935999],[23.721035,53.936882],[23.724822,53.934176],[23.727756,53.93355],[23.729129,53.934088],[23.728398,53.93251],[23.731294,53.931777],[23.730353,53.930527],[23.73208,53.929874],[23.736482,53.929644],[23.737876,53.930427],[23.739079,53.930077],[23.739191,53.928596],[23.741512,53.928784],[23.744001,53.92713],[23.746164,53.926856],[23.746859,53.928267],[23.747692,53.926898],[23.748919,53.92679],[23.751739,53.927917],[23.752948,53.927506],[23.752738,53.926285],[23.753911,53.92744],[23.75531,53.927087],[23.756147,53.92508],[23.761465,53.925596],[23.762444,53.924059],[23.764323,53.924559],[23.767639,53.920471],[23.765962,53.919493],[23.766639,53.917366],[23.772195,53.914481],[23.774246,53.912332],[23.77342,53.911014],[23.778779,53.911972],[23.781097,53.911043],[23.77641,53.906188],[23.774915,53.905831],[23.773879,53.902793],[23.774486,53.899982],[23.778119,53.898917],[23.782716,53.900512],[23.795594,53.899543],[23.798127,53.90002],[23.807381,53.907171],[23.815639,53.908814],[23.818321,53.9118],[23.817362,53.9169],[23.815007,53.919746],[23.811606,53.921805],[23.800712,53.925776],[23.798129,53.928212],[23.796774,53.932696],[23.798596,53.935435],[23.817686,53.94221],[23.82355,53.947684],[23.837483,53.954627],[23.842027,53.955968],[23.848621,53.955627],[23.860859,53.953402],[23.868656,53.947215],[23.875183,53.94393],[23.881776,53.943064],[23.886888,53.943918],[23.893258,53.947406],[23.904069,53.95087],[23.908082,53.953718],[23.907516,53.956807],[23.909112,53.962285],[23.907196,53.965943],[23.913018,53.969684],[23.924215,53.966956],[23.922042,53.964296],[23.935298,53.958407],[23.940941,53.956906],[23.949107,53.959197],[23.961299,53.95458],[23.970542,53.941536],[23.971656,53.933236],[23.965491,53.934888],[23.96831,53.926679],[23.973531,53.92705],[23.982893,53.923947],[24.1031,53.940513],[24.104789,53.944671],[24.103495,53.950664],[24.110299,53.953984],[24.111863,53.956694],[24.114472,53.958019],[24.118418,53.955482],[24.131826,53.955342],[24.142186,53.953833],[24.154209,53.961108],[24.161487,53.960536],[24.173409,53.961932],[24.173884,53.962776],[24.182887,53.966134],[24.192419,53.966127],[24.201611,53.970019],[24.216033,53.95729],[24.211153,53.954949],[24.210272,53.949763],[24.218774,53.947023],[24.222879,53.946759],[24.224747,53.947721],[24.233164,53.944843],[24.240597,53.950626],[24.245524,53.948537],[24.248622,53.948827],[24.250546,53.950151],[24.250403,53.952868],[24.259708,53.949048],[24.257321,53.942585],[24.263126,53.93986],[24.263437,53.936122],[24.273411,53.935314],[24.286712,53.921971],[24.306583,53.927337],[24.308171,53.92718],[24.309301,53.926291],[24.3082,53.922186],[24.302946,53.919196],[24.303404,53.915843],[24.305558,53.913666],[24.311451,53.911536],[24.312861,53.909477],[24.316141,53.907667],[24.322768,53.907668],[24.32776,53.904916],[24.330081,53.904783],[24.352068,53.896789],[24.372162,53.900855],[24.389694,53.903466],[24.433976,53.904433],[24.434977,53.900937],[24.437489,53.901235],[24.437078,53.902496],[24.440807,53.901914],[24.444227,53.904548],[24.447985,53.904166],[24.450145,53.906056],[24.452158,53.906063],[24.453683,53.908332],[24.455632,53.908411],[24.455747,53.909565],[24.457286,53.909609],[24.455178,53.910762],[24.456825,53.910617],[24.458233,53.911864],[24.457036,53.912961],[24.45879,53.91457],[24.458155,53.915357],[24.45956,53.915927],[24.458122,53.918092],[24.458973,53.919164],[24.460889,53.918816],[24.463287,53.920642],[24.464182,53.920215],[24.464342,53.920989],[24.465765,53.921064],[24.4653,53.922585],[24.467332,53.922556],[24.467193,53.923393],[24.470321,53.925054],[24.470646,53.926131],[24.469269,53.926718],[24.471675,53.927662],[24.470904,53.928357],[24.472108,53.928754],[24.47192,53.929834],[24.473741,53.930462],[24.47478,53.931958],[24.477479,53.931476],[24.478057,53.932421],[24.482525,53.931805],[24.481462,53.933205],[24.486914,53.934872],[24.486943,53.93644],[24.489735,53.936362],[24.49053,53.937461],[24.493609,53.938149],[24.493142,53.940251],[24.496592,53.941568],[24.496534,53.943208],[24.498257,53.943053],[24.498629,53.943838],[24.501164,53.94396],[24.503719,53.945345],[24.502946,53.946278],[24.504123,53.946515],[24.50441,53.948072],[24.506256,53.947856],[24.506375,53.949323],[24.50831,53.949784],[24.507203,53.951207],[24.508971,53.952184],[24.507684,53.952825],[24.509788,53.954223],[24.507599,53.960369],[24.510886,53.962575],[24.514601,53.962787],[24.517054,53.966421],[24.52778,53.966255],[24.534464,53.96943],[24.537308,53.969677],[24.539803,53.971145],[24.53946,53.971776],[24.54352,53.97158],[24.543429,53.973092],[24.544662,53.972577],[24.546352,53.972945],[24.545936,53.974379],[24.547324,53.974957],[24.548334,53.974574],[24.547897,53.975235],[24.550217,53.975821],[24.551329,53.975316],[24.551294,53.976293],[24.552352,53.975713],[24.55679,53.977597],[24.558561,53.977369],[24.557254,53.978249],[24.559476,53.978868],[24.56054,53.980741],[24.561719,53.980717],[24.562658,53.982993],[24.566739,53.984254],[24.566749,53.985204],[24.568826,53.985927],[24.571523,53.985486],[24.571692,53.986715],[24.573873,53.98708],[24.574059,53.988078],[24.577518,53.986257],[24.581085,53.987162],[24.58078,53.988304],[24.583938,53.988272],[24.584158,53.9895],[24.58603,53.989131],[24.586314,53.990899],[24.587461,53.990266],[24.588251,53.990957],[24.593264,53.990328],[24.596346,53.992641],[24.59791,53.991926],[24.598331,53.992743],[24.59928,53.992308],[24.603035,53.993464],[24.602134,53.994158],[24.603162,53.994829],[24.601833,53.99533],[24.602547,53.996791],[24.600893,53.99884],[24.603673,53.998911],[24.605539,54.000374],[24.606834,53.999386],[24.608221,53.999528],[24.61065,54.001722],[24.611434,54.004333],[24.619185,54.008422],[24.623947,54.008741],[24.625907,54.010505],[24.631255,54.005691],[24.643634,54.008633],[24.643285,54.006275],[24.652083,54.006808],[24.660015,54.00556],[24.663827,54.00813],[24.661697,54.00866],[24.672521,54.016971],[24.676343,54.016262],[24.683673,54.017854],[24.688405,54.017963],[24.697865,54.017142],[24.705649,54.009834],[24.701674,54.003517],[24.699652,53.995092],[24.693848,53.991207],[24.692128,53.982939],[24.693682,53.974202],[24.689452,53.967986],[24.685948,53.967147],[24.684613,53.962119],[24.701127,53.965769],[24.707235,53.96427],[24.72628,53.966865],[24.73884,53.965992],[24.740785,53.968891],[24.736207,53.971711],[24.731806,53.973254],[24.752428,53.985794],[24.75568,53.989134],[24.758806,53.990062],[24.755213,53.992719],[24.750252,53.994398],[24.757127,54.000241],[24.761201,53.998604],[24.760196,53.996014],[24.766776,53.992575],[24.769153,53.990028],[24.771241,53.991037],[24.772188,53.993387],[24.776981,53.994058],[24.779002,53.995061],[24.784064,53.994675],[24.785675,53.997137],[24.793898,54.000214],[24.79986,53.996832],[24.80848,53.994923],[24.809963,53.996097],[24.815556,53.996187],[24.819577,53.997726],[24.809049,54.001831],[24.808093,54.004819],[24.813706,54.004668],[24.820443,54.012312],[24.823496,54.013318],[24.832384,54.012438],[24.831962,54.015999],[24.834614,54.016962],[24.839224,54.021039],[24.836349,54.023105],[24.835395,54.026297],[24.831871,54.027192],[24.852811,54.029892],[24.853808,54.028838],[24.857791,54.030596],[24.861837,54.026965],[24.867363,54.029143],[24.869882,54.031366],[24.871288,54.034905],[24.8639,54.039371],[24.856499,54.037162],[24.857239,54.03559],[24.848125,54.033775],[24.841161,54.033743],[24.834758,54.039454],[24.82711,54.042683],[24.822568,54.043439],[24.822797,54.04504],[24.820901,54.046123],[24.822633,54.047374],[24.823746,54.053659],[24.825596,54.055023],[24.824283,54.056431],[24.82228,54.056744],[24.823655,54.057728],[24.822393,54.059135],[24.82286,54.062258],[24.819761,54.068826],[24.813889,54.07367],[24.807558,54.08254],[24.797687,54.091777],[24.793841,54.093274],[24.790666,54.095874],[24.785412,54.096886],[24.779151,54.09981],[24.776564,54.103855],[24.776056,54.107734],[24.773777,54.109916],[24.775304,54.111653],[24.772388,54.11534],[24.773724,54.117701],[24.780246,54.119047],[24.78642,54.114889],[24.793791,54.115486],[24.83123,54.132501],[24.81338,54.144862],[24.827612,54.146616],[24.828647,54.149114],[24.834062,54.1482],[24.835806,54.149041],[24.835151,54.151586],[24.827054,54.161118],[24.822236,54.162083],[24.824124,54.163045],[24.817501,54.16774],[24.825968,54.173249],[24.824311,54.17492],[24.818499,54.174248],[24.816839,54.187108],[24.811324,54.1869],[24.809312,54.185908],[24.801363,54.192341],[24.796563,54.192183],[24.791481,54.194059],[24.783912,54.195362],[24.777466,54.1952],[24.778517,54.191784],[24.776152,54.191249],[24.769809,54.19292],[24.768558,54.191349],[24.768054,54.200321],[24.759051,54.20029],[24.758764,54.218902],[24.764004,54.219262],[24.764048,54.220568],[24.761011,54.220707],[24.755446,54.223322],[24.76972,54.229148],[24.774924,54.227381],[24.779559,54.226876],[24.782518,54.229031],[24.786713,54.234575],[24.804345,54.233414],[24.813707,54.233497],[24.814131,54.235051],[24.810669,54.246417],[24.811374,54.249159],[24.816999,54.249149],[24.818158,54.245701],[24.82298,54.246077],[24.822877,54.249585],[24.821652,54.249698],[24.82172,54.250948],[24.82401,54.254764],[24.834781,54.252017],[24.837672,54.25352],[24.839386,54.255714],[24.841322,54.254489],[24.842802,54.255116],[24.842779,54.25682],[24.85649,54.25627],[24.856578,54.268977],[24.863029,54.269974],[24.864545,54.273285],[24.882644,54.273832],[24.889129,54.275357],[24.875177,54.284],[24.874967,54.287633],[24.873379,54.288852],[24.877249,54.289663],[24.881287,54.293606],[24.933947,54.294906],[24.921729,54.325783],[24.927863,54.335854],[24.923969,54.337792],[24.921595,54.337095],[24.919674,54.33829],[24.914171,54.339426],[24.912229,54.341451],[24.918272,54.342067],[24.91258,54.361148],[24.928635,54.362794],[24.924922,54.375102],[24.945296,54.37889],[24.956805,54.380248],[24.957948,54.379107],[24.997443,54.38296],[24.994487,54.395873],[25.017442,54.398457],[25.009197,54.422943],[25.024981,54.425029],[25.019632,54.441527],[25.011752,54.439729],[25.007209,54.436853],[24.992087,54.435316],[24.991613,54.43718],[24.987467,54.43739],[24.976078,54.431386],[24.962799,54.43418],[24.952972,54.432559],[24.95332,54.429936],[24.946347,54.428444],[24.942269,54.428068],[24.941046,54.430988],[24.921903,54.425073],[24.917212,54.418051],[24.918502,54.4168],[24.915748,54.416258],[24.911493,54.409737],[24.906794,54.410217],[24.906314,54.412003],[24.904059,54.413071],[24.90526,54.415841],[24.904691,54.41766],[24.903613,54.417444],[24.902694,54.418723],[24.873286,54.415436],[24.86783,54.412532],[24.868085,54.411085],[24.857533,54.410879],[24.855582,54.413732],[24.853037,54.413426],[24.854717,54.40826],[24.843025,54.406272],[24.846478,54.397908],[24.829485,54.398165],[24.827961,54.400835],[24.804177,54.398381],[24.803249,54.405397],[24.749639,54.399457],[24.747578,54.39693],[24.745624,54.397477],[24.736795,54.405414],[24.733933,54.40342],[24.730866,54.399296],[24.730155,54.39342],[24.726343,54.393441],[24.721353,54.388373],[24.721234,54.389966],[24.718594,54.39076],[24.717618,54.393015],[24.711758,54.39477],[24.710081,54.397147],[24.711903,54.398482],[24.7072,54.404512],[24.706567,54.408687],[24.713036,54.412379],[24.721147,54.412571],[24.720422,54.429354],[24.708831,54.431206],[24.704327,54.432991],[24.698746,54.431602],[24.696877,54.432952],[24.691463,54.432284],[24.689176,54.432774],[24.68632,54.436615],[24.68205,54.435701],[24.681145,54.43795],[24.682412,54.438496],[24.680443,54.439579],[24.681161,54.440525],[24.668164,54.447755],[24.663912,54.44763],[24.659774,54.446176],[24.657694,54.44639],[24.65525,54.43942],[24.645602,54.439751],[24.643823,54.43872],[24.619176,54.441176],[24.61366,54.437221],[24.616889,54.435672],[24.614496,54.43233],[24.608059,54.432191],[24.596833,54.427762],[24.586193,54.431518],[24.586045,54.421332],[24.58253,54.419533],[24.585498,54.417862],[24.584581,54.413069],[24.574293,54.410801],[24.574356,54.414035],[24.569669,54.413893],[24.572125,54.417515],[24.559007,54.418387],[24.559728,54.411948],[24.540133,54.417518],[24.539466,54.42197],[24.538488,54.421643],[24.540062,54.424646],[24.545708,54.429851],[24.502979,54.428044],[24.503213,54.425503],[24.501438,54.423679],[24.490231,54.422363],[24.48464,54.422297],[24.483792,54.423059],[24.480064,54.422643],[24.475353,54.423882],[24.448116,54.424435],[24.438443,54.42736],[24.437457,54.425445],[24.436436,54.426399],[24.436572,54.431106],[24.434459,54.431016],[24.432658,54.42768],[24.429407,54.427044],[24.42795,54.428255],[24.423757,54.427521],[24.423953,54.42534],[24.415869,54.426663],[24.416995,54.435903],[24.424269,54.442754],[24.438417,54.451595],[24.433269,54.454682],[24.433195,54.457247],[24.435573,54.458944],[24.433891,54.463823],[24.417385,54.47345],[24.40123,54.473486],[24.393822,54.483315],[24.402028,54.483084],[24.404086,54.487017],[24.418901,54.489875]]]}},{"type":"Feature","properties":{"display_name":"Kauno apskritis","feature_type":"county","suggested_code":"KA","county_code":"KA","city_code":"KM","iata_region":"KUN","mc:scopes":"lt kun ka","mc:region":"ka","mc:iata":"kun","priority":1},"geometry":{"type":"Polygon","coordinates":[[[22.935181,55.485272],[22.908769,55.469538],[22.893534,55.464442],[22.862471,55.467518],[22.844493,55.464801],[22.836907,55.467968],[22.832508,55.474312],[22.848089,55.486537],[22.852883,55.503511],[22.81002,55.505062],[22.792768,55.503604],[22.787747,55.5055],[22.77863,55.503356],[22.76644,55.507809],[22.755166,55.51443],[22.710696,55.484571],[22.699897,55.489651],[22.68519,55.480592],[22.684305,55.47868],[22.681457,55.476677],[22.678496,55.476129],[22.675502,55.473861],[22.677511,55.472519],[22.677183,55.471276],[22.675528,55.47091],[22.683957,55.467439],[22.670035,55.457727],[22.68694,55.447764],[22.689695,55.427625],[22.69569,55.415369],[22.71934,55.420197],[22.723408,55.425524],[22.729264,55.423762],[22.732735,55.425576],[22.741271,55.422151],[22.741553,55.410647],[22.739419,55.406565],[22.732224,55.404654],[22.730232,55.398925],[22.733481,55.388541],[22.753378,55.390006],[22.75623,55.383288],[22.762235,55.376024],[22.773076,55.380095],[22.792385,55.381467],[22.793921,55.380685],[22.797795,55.380409],[22.79949,55.378223],[22.80313,55.378004],[22.802435,55.376556],[22.805433,55.375425],[22.803417,55.371164],[22.804973,55.36982],[22.807588,55.369425],[22.807555,55.368655],[22.81101,55.369358],[22.813422,55.367817],[22.811868,55.365744],[22.814105,55.362359],[22.81001,55.359813],[22.808258,55.359685],[22.808586,55.358649],[22.811777,55.358263],[22.81216,55.356884],[22.807617,55.353836],[22.810399,55.350385],[22.812253,55.350099],[22.811303,55.349623],[22.812644,55.348395],[22.810487,55.347044],[22.807901,55.347194],[22.806491,55.345345],[22.807494,55.343457],[22.803637,55.342133],[22.802585,55.344448],[22.801384,55.344682],[22.797527,55.343898],[22.799348,55.342398],[22.797688,55.34216],[22.796851,55.343019],[22.794788,55.342766],[22.795968,55.342652],[22.795781,55.341212],[22.79514,55.340716],[22.794209,55.341491],[22.793133,55.340588],[22.795805,55.338884],[22.793769,55.335978],[22.791846,55.335744],[22.7933,55.334226],[22.790059,55.330323],[22.810198,55.329975],[22.809635,55.325211],[22.812416,55.325231],[22.81235,55.322619],[22.818417,55.321845],[22.827587,55.321508],[22.827481,55.325011],[22.841994,55.32471],[22.842677,55.315113],[22.850441,55.312973],[22.857246,55.313242],[22.860988,55.311673],[22.858302,55.311497],[22.857562,55.308721],[22.864928,55.306627],[22.868585,55.301649],[22.865423,55.299731],[22.865071,55.29814],[22.872976,55.302004],[22.870185,55.293928],[22.863834,55.286107],[22.866941,55.285927],[22.873764,55.287064],[22.877352,55.288654],[22.877614,55.290707],[22.874831,55.295003],[22.879483,55.299027],[22.887401,55.298943],[22.895446,55.297569],[22.900682,55.299636],[22.901886,55.309513],[22.92289,55.312494],[22.924545,55.309683],[22.927552,55.310976],[22.935401,55.311609],[22.929728,55.320534],[22.936961,55.322568],[22.944791,55.312489],[22.970846,55.31284],[22.980985,55.314121],[22.979401,55.303531],[22.977886,55.302887],[22.978026,55.300427],[22.973539,55.287324],[23.005681,55.280503],[23.023563,55.275142],[22.996402,55.253439],[23.002893,55.252533],[23.007393,55.254863],[23.00932,55.254104],[23.059128,55.251377],[23.065057,55.249643],[23.071501,55.262735],[23.08203,55.263848],[23.098636,55.260078],[23.102546,55.255499],[23.119922,55.257464],[23.123687,55.258637],[23.123486,55.259328],[23.13378,55.259634],[23.141335,55.261074],[23.154462,55.268492],[23.162382,55.268224],[23.168797,55.265106],[23.179908,55.269002],[23.184016,55.25345],[23.181368,55.252997],[23.184259,55.252207],[23.184899,55.25027],[23.184931,55.245496],[23.180374,55.241841],[23.18194,55.232548],[23.192049,55.232762],[23.202428,55.234305],[23.201961,55.235961],[23.209949,55.23653],[23.211294,55.230034],[23.234603,55.231014],[23.237967,55.234158],[23.259966,55.232321],[23.262725,55.233396],[23.271365,55.23037],[23.279972,55.229581],[23.293972,55.230219],[23.297957,55.238175],[23.30099,55.237737],[23.301331,55.236421],[23.321182,55.239189],[23.327481,55.239006],[23.334348,55.23983],[23.356811,55.239256],[23.355987,55.237957],[23.358516,55.237171],[23.364487,55.223923],[23.36246,55.22288],[23.363088,55.219962],[23.360476,55.214787],[23.376141,55.209753],[23.377474,55.210976],[23.385925,55.210979],[23.394558,55.214881],[23.40746,55.205067],[23.411426,55.208902],[23.430404,55.21392],[23.438866,55.215146],[23.442149,55.210834],[23.441326,55.208374],[23.504408,55.193409],[23.494763,55.186704],[23.49268,55.184216],[23.492379,55.180607],[23.488279,55.176419],[23.48854,55.174521],[23.486811,55.171268],[23.482182,55.168706],[23.484204,55.167207],[23.480726,55.163854],[23.478998,55.155542],[23.481831,55.152231],[23.477482,55.14846],[23.478273,55.146717],[23.483497,55.145607],[23.479545,55.140125],[23.481112,55.135717],[23.478859,55.129849],[23.480448,55.128008],[23.480769,55.124919],[23.473499,55.120803],[23.474243,55.116691],[23.471954,55.113169],[23.468378,55.111428],[23.462924,55.111685],[23.460872,55.108162],[23.454004,55.104202],[23.449461,55.099531],[23.448745,55.095756],[23.445309,55.094952],[23.441246,55.09064],[23.441801,55.086416],[23.440131,55.083495],[23.437553,55.083095],[23.431703,55.08398],[23.428801,55.081021],[23.423573,55.07978],[23.421448,55.077747],[23.412358,55.073543],[23.425716,55.071764],[23.435016,55.069208],[23.44184,55.066302],[23.464002,55.053169],[23.47685,55.04946],[23.500462,55.045013],[23.52805,55.04328],[23.552095,55.04333],[23.562065,55.041616],[23.573071,55.038678],[23.581389,55.0351],[23.58718,55.030438],[23.58681,55.018649],[23.583752,55.014208],[23.588043,55.008532],[23.581571,55.001495],[23.576821,55.001066],[23.574909,54.999876],[23.554175,54.999805],[23.54416,55.002442],[23.537122,54.998984],[23.535282,54.993934],[23.531478,54.994036],[23.526739,54.987193],[23.52326,54.986034],[23.524501,54.983401],[23.512129,54.976194],[23.509849,54.975697],[23.50604,54.972716],[23.498648,54.972833],[23.487855,54.971441],[23.480594,54.97254],[23.455403,54.978623],[23.450561,54.978584],[23.441517,54.977045],[23.415703,54.955202],[23.402174,54.958764],[23.391269,54.949328],[23.4754,54.928668],[23.477802,54.901219],[23.479199,54.901236],[23.479708,54.896248],[23.478631,54.896089],[23.47885,54.891067],[23.482619,54.890523],[23.482532,54.887616],[23.48876,54.887412],[23.501162,54.885559],[23.499182,54.883114],[23.5032,54.880418],[23.510113,54.88015],[23.506262,54.887242],[23.541571,54.895759],[23.543886,54.89268],[23.581457,54.876695],[23.580992,54.876058],[23.58396,54.874302],[23.580689,54.873444],[23.575558,54.869084],[23.550962,54.872704],[23.545359,54.867285],[23.570505,54.858597],[23.567819,54.856053],[23.574102,54.853608],[23.580254,54.854987],[23.581474,54.854138],[23.57921,54.852003],[23.580329,54.851906],[23.580462,54.845323],[23.5895,54.844055],[23.594454,54.847834],[23.596197,54.852266],[23.597679,54.852679],[23.613291,54.847436],[23.625279,54.840239],[23.607702,54.823611],[23.611887,54.821192],[23.618114,54.819427],[23.618534,54.817403],[23.641552,54.804383],[23.631989,54.795383],[23.626834,54.79671],[23.621878,54.796102],[23.622141,54.790715],[23.623573,54.789565],[23.632802,54.787166],[23.625559,54.780711],[23.62465,54.780804],[23.618105,54.773293],[23.613412,54.771798],[23.608902,54.771674],[23.602775,54.768514],[23.603416,54.766463],[23.598378,54.765687],[23.586566,54.766632],[23.585645,54.761376],[23.603711,54.761388],[23.604915,54.761089],[23.604482,54.76],[23.611818,54.760875],[23.613459,54.761076],[23.623415,54.76659],[23.635316,54.768755],[23.645127,54.768607],[23.643657,54.767789],[23.646204,54.765604],[23.647684,54.759291],[23.637124,54.746321],[23.663093,54.720139],[23.651086,54.71616],[23.648635,54.716031],[23.647766,54.715072],[23.633097,54.71022],[23.640536,54.703254],[23.639576,54.702886],[23.640943,54.701223],[23.64227,54.70168],[23.646833,54.697591],[23.662027,54.682175],[23.668618,54.666312],[23.667821,54.662702],[23.673255,54.661838],[23.673962,54.658763],[23.67336,54.657384],[23.663923,54.656641],[23.656247,54.653128],[23.659711,54.650115],[23.65656,54.645298],[23.672807,54.639966],[23.673257,54.638976],[23.625326,54.62881],[23.629468,54.621344],[23.647086,54.624411],[23.64876,54.62151],[23.636796,54.613427],[23.649745,54.614343],[23.667233,54.61371],[23.675174,54.616317],[23.69301,54.598336],[23.693848,54.59846],[23.699233,54.593551],[23.698707,54.592638],[23.686869,54.589148],[23.673946,54.587432],[23.659683,54.583861],[23.658248,54.582621],[23.680857,54.55958],[23.686514,54.560142],[23.691659,54.55858],[23.696067,54.554527],[23.70183,54.541708],[23.705229,54.540779],[23.723503,54.5427],[23.721943,54.54541],[23.749719,54.549726],[23.756189,54.542734],[23.759419,54.526475],[23.771431,54.519184],[23.776283,54.514263],[23.78345,54.511366],[23.793703,54.503121],[23.792233,54.501966],[23.78785,54.501186],[23.782281,54.497313],[23.784855,54.492514],[23.784346,54.490681],[23.768598,54.481109],[23.761174,54.478347],[23.758491,54.47878],[23.75235,54.470124],[23.757439,54.468527],[23.764886,54.468933],[23.767247,54.463342],[23.770932,54.460662],[23.778303,54.459303],[23.783089,54.464566],[23.788447,54.46273],[23.789592,54.460166],[23.792433,54.460185],[23.792658,54.461585],[23.795952,54.463556],[23.793487,54.465285],[23.797017,54.467972],[23.792988,54.470371],[23.795107,54.471127],[23.795751,54.472745],[23.799249,54.473858],[23.805515,54.469804],[23.830342,54.468055],[23.836097,54.470024],[23.871273,54.467413],[23.86996,54.461113],[23.858528,54.461655],[23.85757,54.457467],[23.859491,54.45655],[23.859564,54.454694],[23.878894,54.457979],[23.910608,54.464758],[23.906897,54.466193],[23.906996,54.469099],[23.905289,54.470279],[23.904719,54.474096],[23.902141,54.474096],[23.898853,54.47632],[23.900849,54.482996],[23.905019,54.483883],[23.935797,54.484188],[23.938034,54.483359],[23.942063,54.484313],[23.967051,54.485914],[23.966117,54.487778],[23.968072,54.488049],[23.96808,54.490221],[23.971114,54.493314],[23.976845,54.491107],[23.985079,54.490829],[23.995275,54.493576],[24.006654,54.498464],[24.012126,54.505402],[24.011733,54.510944],[24.007434,54.512634],[23.995498,54.512734],[23.992664,54.514257],[23.991927,54.515874],[24.000104,54.523867],[24.000548,54.528313],[24.003067,54.533935],[24.008606,54.539628],[24.010233,54.543449],[24.013833,54.546004],[24.021612,54.547676],[24.028893,54.55053],[24.03819,54.551063],[24.05218,54.553973],[24.067982,54.554444],[24.07935,54.552635],[24.084589,54.550964],[24.09929,54.540216],[24.099961,54.535905],[24.103254,54.53145],[24.101747,54.526594],[24.108885,54.530023],[24.114046,54.530085],[24.121437,54.532457],[24.128922,54.538597],[24.137168,54.538992],[24.146662,54.538314],[24.146936,54.537343],[24.160446,54.536416],[24.198155,54.537428],[24.197771,54.543179],[24.205208,54.553354],[24.224579,54.555575],[24.225838,54.553435],[24.240896,54.554581],[24.240704,54.556521],[24.246395,54.55664],[24.246397,54.55768],[24.256059,54.558526],[24.257986,54.562617],[24.25958,54.563483],[24.263456,54.561344],[24.273863,54.562309],[24.276868,54.560378],[24.272991,54.558359],[24.264612,54.5567],[24.264893,54.550251],[24.266739,54.549504],[24.265585,54.540846],[24.267388,54.540867],[24.27328,54.530155],[24.318919,54.522107],[24.330071,54.524729],[24.335784,54.524306],[24.34425,54.527586],[24.358041,54.523697],[24.357802,54.522606],[24.360975,54.520637],[24.367958,54.524652],[24.371054,54.521185],[24.375748,54.525121],[24.382661,54.52235],[24.386638,54.524965],[24.389946,54.523112],[24.39545,54.523213],[24.392728,54.527669],[24.394557,54.529833],[24.400281,54.529761],[24.400433,54.532988],[24.405327,54.533927],[24.406898,54.536331],[24.41548,54.532794],[24.41998,54.541451],[24.421779,54.542948],[24.419596,54.544458],[24.420377,54.556188],[24.421886,54.560845],[24.4155,54.568537],[24.424683,54.577607],[24.423232,54.587892],[24.426606,54.590028],[24.427175,54.592942],[24.423728,54.59546],[24.42606,54.597303],[24.432597,54.596849],[24.435284,54.591368],[24.43845,54.588831],[24.439746,54.588821],[24.438406,54.594344],[24.440693,54.59401],[24.444061,54.594963],[24.445159,54.597002],[24.447381,54.596993],[24.451863,54.595789],[24.451121,54.594681],[24.449782,54.594719],[24.449652,54.59319],[24.448218,54.593204],[24.446891,54.591199],[24.442945,54.591069],[24.452285,54.588733],[24.458032,54.588811],[24.464121,54.587453],[24.47264,54.590387],[24.468681,54.59278],[24.4668,54.592008],[24.463303,54.59265],[24.456822,54.595237],[24.460407,54.597907],[24.459863,54.598544],[24.461765,54.600501],[24.460552,54.600873],[24.461597,54.604275],[24.465093,54.607524],[24.469482,54.609168],[24.472923,54.605422],[24.479025,54.604364],[24.48141,54.602813],[24.484389,54.60393],[24.488233,54.607383],[24.473466,54.61781],[24.480341,54.620194],[24.477278,54.621761],[24.476579,54.626486],[24.472026,54.630263],[24.463805,54.630881],[24.46174,54.629489],[24.457257,54.631247],[24.472885,54.635987],[24.468145,54.646342],[24.465203,54.66228],[24.471496,54.665512],[24.46453,54.680335],[24.464136,54.683246],[24.475458,54.69578],[24.480657,54.693408],[24.484187,54.70005],[24.497223,54.701445],[24.489655,54.704452],[24.48667,54.710497],[24.490159,54.716319],[24.501113,54.712118],[24.501752,54.713133],[24.499539,54.714833],[24.503739,54.721938],[24.503189,54.724176],[24.505486,54.72721],[24.503888,54.729119],[24.510648,54.730586],[24.541126,54.734275],[24.543554,54.73203],[24.547341,54.732166],[24.545935,54.73597],[24.547985,54.737555],[24.551888,54.737136],[24.548986,54.740143],[24.559707,54.741774],[24.556278,54.75004],[24.556227,54.751537],[24.560011,54.753861],[24.558833,54.757691],[24.568501,54.758167],[24.565984,54.767009],[24.572165,54.766445],[24.574573,54.764843],[24.580549,54.765911],[24.570975,54.77428],[24.573133,54.776623],[24.575858,54.777267],[24.577287,54.778918],[24.581823,54.780148],[24.581716,54.781101],[24.575847,54.785636],[24.576877,54.786421],[24.580278,54.785808],[24.584529,54.78622],[24.585304,54.795151],[24.545222,54.797865],[24.535235,54.799195],[24.533024,54.798822],[24.529813,54.799859],[24.534753,54.802332],[24.543225,54.803133],[24.541305,54.819863],[24.555574,54.817141],[24.56368,54.811962],[24.577163,54.814766],[24.584,54.8143],[24.584333,54.81158],[24.591576,54.810241],[24.603579,54.815485],[24.60716,54.81401],[24.615063,54.827217],[24.619286,54.829981],[24.666144,54.82257],[24.682835,54.821079],[24.697904,54.821026],[24.708871,54.816501],[24.713014,54.817369],[24.718045,54.817005],[24.72269,54.818963],[24.72934,54.815692],[24.73192,54.817614],[24.730466,54.819773],[24.732181,54.819826],[24.732229,54.822504],[24.730199,54.822928],[24.731905,54.823469],[24.737899,54.820697],[24.742639,54.823661],[24.744108,54.823044],[24.743534,54.821783],[24.746174,54.819289],[24.748979,54.821076],[24.747373,54.825586],[24.753045,54.827139],[24.755109,54.828583],[24.758066,54.82691],[24.753634,54.824584],[24.754998,54.823668],[24.761328,54.82328],[24.76208,54.824405],[24.763929,54.824707],[24.752163,54.871516],[24.759833,54.871804],[24.755026,54.87346],[24.752536,54.876767],[24.762408,54.877625],[24.770754,54.875049],[24.774603,54.878653],[24.775926,54.875795],[24.780369,54.876387],[24.783312,54.878289],[24.79051,54.878526],[24.794962,54.877802],[24.798548,54.878723],[24.809572,54.887218],[24.81073,54.891001],[24.808972,54.895762],[24.811523,54.902476],[24.807468,54.905441],[24.802451,54.905364],[24.800732,54.905991],[24.797668,54.911196],[24.789891,54.911852],[24.779883,54.916356],[24.76579,54.918539],[24.76202,54.920671],[24.760487,54.925999],[24.748797,54.931708],[24.743807,54.932289],[24.731066,54.93123],[24.725515,54.932597],[24.717346,54.932723],[24.708679,54.929044],[24.705773,54.929013],[24.701224,54.930309],[24.694726,54.927197],[24.690592,54.926849],[24.689093,54.928682],[24.689421,54.934042],[24.683897,54.938886],[24.684144,54.942004],[24.681655,54.9445],[24.669574,54.950261],[24.66243,54.951669],[24.654849,54.95083],[24.651279,54.951122],[24.645488,54.954955],[24.637881,54.956134],[24.636478,54.959273],[24.629963,54.961661],[24.631183,54.966826],[24.623609,54.968938],[24.622169,54.972806],[24.620047,54.974225],[24.617542,54.974698],[24.604798,54.973687],[24.594233,54.971834],[24.579991,54.973279],[24.576763,54.978092],[24.57292,54.979964],[24.567773,54.985444],[24.551775,54.990679],[24.555634,54.99203],[24.55911,54.99215],[24.55708,54.994445],[24.560621,54.996157],[24.557566,54.999501],[24.558714,55.001151],[24.561495,55.00211],[24.559458,55.00449],[24.589104,55.012723],[24.587435,55.016706],[24.588037,55.017901],[24.591036,55.018208],[24.586124,55.028094],[24.608923,55.029348],[24.609015,55.030188],[24.622411,55.030442],[24.622912,55.033907],[24.624849,55.034168],[24.624222,55.036843],[24.617261,55.037163],[24.614532,55.039244],[24.624156,55.042568],[24.623371,55.044428],[24.635586,55.043564],[24.636924,55.045491],[24.646533,55.049355],[24.644246,55.051474],[24.640521,55.05184],[24.63922,55.052786],[24.637034,55.052453],[24.63432,55.050123],[24.633284,55.050254],[24.630544,55.053324],[24.631248,55.055337],[24.62782,55.056238],[24.630271,55.057806],[24.631836,55.056807],[24.633534,55.057532],[24.63234,55.061375],[24.628181,55.061622],[24.630414,55.063756],[24.63006,55.064576],[24.623242,55.065569],[24.623472,55.066954],[24.615131,55.072951],[24.615418,55.074511],[24.61143,55.074803],[24.606683,55.073365],[24.601988,55.073795],[24.601535,55.074702],[24.602969,55.076234],[24.601779,55.077022],[24.597049,55.076117],[24.594491,55.074353],[24.592083,55.074608],[24.59137,55.075915],[24.59231,55.07765],[24.596739,55.08142],[24.591509,55.081768],[24.587572,55.07983],[24.585725,55.080777],[24.587051,55.084952],[24.59157,55.087031],[24.592112,55.089857],[24.589996,55.090984],[24.586459,55.091499],[24.584436,55.09405],[24.581573,55.095475],[24.585403,55.099803],[24.581555,55.100841],[24.581408,55.102144],[24.579754,55.102978],[24.583107,55.10406],[24.584227,55.105816],[24.582758,55.107174],[24.578884,55.106817],[24.578286,55.107607],[24.579615,55.109564],[24.582172,55.11016],[24.580844,55.111633],[24.575964,55.11116],[24.568411,55.113712],[24.567397,55.11325],[24.567967,55.112183],[24.570034,55.111434],[24.570213,55.110543],[24.565016,55.11154],[24.561091,55.11132],[24.560128,55.110272],[24.563344,55.108585],[24.559753,55.106544],[24.557455,55.107338],[24.555363,55.106851],[24.553622,55.113314],[24.543985,55.117979],[24.546629,55.123317],[24.543584,55.125936],[24.53928,55.124121],[24.53641,55.126017],[24.540453,55.127802],[24.533759,55.132851],[24.527747,55.129882],[24.516892,55.140538],[24.521472,55.140793],[24.533758,55.145398],[24.53339,55.147768],[24.541062,55.154193],[24.540034,55.15541],[24.537017,55.155201],[24.53501,55.157299],[24.520567,55.154732],[24.506711,55.1574],[24.501305,55.16069],[24.501057,55.16779],[24.498117,55.172637],[24.490099,55.180847],[24.489334,55.184],[24.484666,55.18619],[24.486151,55.185968],[24.486833,55.187436],[24.485636,55.190491],[24.490286,55.190166],[24.487163,55.19336],[24.484446,55.194392],[24.482225,55.194052],[24.481101,55.19999],[24.505347,55.222486],[24.491828,55.226271],[24.471347,55.227894],[24.459349,55.231271],[24.445689,55.233034],[24.445114,55.231197],[24.440044,55.231502],[24.437538,55.226788],[24.423945,55.226813],[24.424679,55.230868],[24.422073,55.233222],[24.410491,55.23408],[24.420059,55.250918],[24.426382,55.259729],[24.41992,55.261045],[24.42566,55.27416],[24.42457,55.275238],[24.418131,55.274843],[24.416244,55.275968],[24.419138,55.280302],[24.413667,55.2842],[24.419545,55.288015],[24.413717,55.288668],[24.40536,55.292564],[24.399193,55.293785],[24.399221,55.294509],[24.39365,55.295043],[24.393178,55.296216],[24.391269,55.296878],[24.393103,55.298496],[24.389497,55.304324],[24.386664,55.329296],[24.397996,55.332861],[24.395728,55.335285],[24.401217,55.347064],[24.402673,55.349607],[24.407185,55.349643],[24.404367,55.352157],[24.420571,55.35674],[24.418888,55.364444],[24.428064,55.366053],[24.426967,55.372177],[24.434318,55.386328],[24.43047,55.390908],[24.420316,55.390713],[24.415345,55.387223],[24.40785,55.389315],[24.399981,55.393169],[24.398198,55.402122],[24.396564,55.404964],[24.399652,55.406717],[24.40267,55.407076],[24.401196,55.409766],[24.397336,55.409447],[24.396108,55.411399],[24.393019,55.411738],[24.390328,55.411128],[24.384776,55.413969],[24.386422,55.419804],[24.383405,55.420621],[24.387839,55.425973],[24.389435,55.427041],[24.392519,55.427041],[24.392108,55.430152],[24.387927,55.430035],[24.384431,55.435325],[24.377028,55.43688],[24.365376,55.435407],[24.363721,55.436309],[24.363462,55.440714],[24.359845,55.440365],[24.357041,55.437888],[24.354782,55.437706],[24.346932,55.4426],[24.339562,55.442994],[24.339116,55.442227],[24.317377,55.445906],[24.315682,55.447559],[24.313889,55.447626],[24.313859,55.44861],[24.316241,55.449994],[24.316505,55.454031],[24.31035,55.453812],[24.308744,55.446014],[24.310989,55.445566],[24.310823,55.444788],[24.307885,55.440793],[24.301492,55.438669],[24.283725,55.445207],[24.255886,55.450288],[24.242864,55.453982],[24.240126,55.461764],[24.242955,55.466345],[24.20048,55.475251],[24.202859,55.466733],[24.200237,55.451171],[24.198506,55.450995],[24.19345,55.444668],[24.182507,55.447772],[24.172046,55.449208],[24.164275,55.451127],[24.162757,55.449108],[24.164266,55.448179],[24.162829,55.445007],[24.155906,55.443141],[24.150372,55.437767],[24.131916,55.435208],[24.123005,55.438553],[24.120126,55.438591],[24.12032,55.450281],[24.095556,55.45172],[24.091996,55.444184],[24.063173,55.439498],[24.052972,55.440345],[24.03838,55.443586],[24.038173,55.445134],[24.041248,55.446258],[24.039301,55.449334],[24.044665,55.449107],[24.045106,55.451998],[24.050228,55.456789],[24.052091,55.460156],[24.049512,55.460463],[24.049256,55.461267],[24.053913,55.463588],[24.055037,55.465218],[24.053858,55.4675],[24.055868,55.468909],[24.055838,55.471733],[24.0543,55.475589],[24.039847,55.479851],[24.002746,55.514597],[23.998332,55.512822],[23.990682,55.511345],[23.986905,55.515227],[23.971022,55.51205],[23.971723,55.508149],[23.957385,55.504225],[23.954674,55.507874],[23.946851,55.506027],[23.943315,55.51073],[23.940936,55.510106],[23.922142,55.535445],[23.915335,55.537313],[23.911251,55.540488],[23.91213,55.548025],[23.916036,55.552904],[23.915087,55.56149],[23.91682,55.56303],[23.914097,55.563917],[23.909023,55.563613],[23.908528,55.561327],[23.896853,55.560184],[23.893759,55.556381],[23.884766,55.556404],[23.879555,55.557817],[23.852876,55.54749],[23.833099,55.547704],[23.811282,55.541384],[23.812812,55.538891],[23.729588,55.519305],[23.735269,55.512226],[23.693459,55.503762],[23.684044,55.502441],[23.674679,55.492568],[23.670838,55.492313],[23.662534,55.489286],[23.656074,55.485208],[23.65722,55.48238],[23.663224,55.482457],[23.664674,55.477273],[23.664025,55.47671],[23.658714,55.476426],[23.65876,55.472262],[23.656288,55.469098],[23.617739,55.471448],[23.610739,55.47593],[23.597248,55.474032],[23.571728,55.472885],[23.569668,55.477117],[23.564322,55.480592],[23.560825,55.488379],[23.563625,55.490466],[23.563907,55.492885],[23.567788,55.495503],[23.57065,55.503357],[23.570241,55.505461],[23.573168,55.505688],[23.573012,55.508243],[23.568227,55.508264],[23.569241,55.510221],[23.556309,55.514771],[23.555369,55.51261],[23.5483,55.512461],[23.546271,55.513473],[23.544242,55.513254],[23.541198,55.517029],[23.542019,55.519381],[23.539797,55.52083],[23.540377,55.521705],[23.537044,55.523018],[23.528444,55.523346],[23.52769,55.522033],[23.508392,55.520735],[23.508434,55.518888],[23.478161,55.519988],[23.478153,55.512218],[23.485312,55.506352],[23.484474,55.498267],[23.483137,55.495538],[23.478695,55.496237],[23.474513,55.495346],[23.477159,55.487455],[23.467042,55.487028],[23.457445,55.492607],[23.455159,55.492048],[23.453943,55.494276],[23.455758,55.496472],[23.459679,55.496954],[23.420426,55.505917],[23.41688,55.50872],[23.400705,55.511393],[23.401491,55.520748],[23.391042,55.528072],[23.366428,55.538675],[23.355564,55.541157],[23.346032,55.541616],[23.344456,55.545073],[23.339596,55.544993],[23.329891,55.550618],[23.301507,55.541291],[23.298446,55.539396],[23.294702,55.539083],[23.288922,55.53575],[23.285167,55.53548],[23.283001,55.536855],[23.280241,55.53703],[23.282834,55.538523],[23.281409,55.542641],[23.278451,55.542741],[23.275898,55.5415],[23.27396,55.542343],[23.272632,55.541928],[23.276809,55.535477],[23.276387,55.533243],[23.271978,55.532274],[23.261019,55.526706],[23.257895,55.526278],[23.258004,55.528646],[23.255491,55.532871],[23.243128,55.531925],[23.240766,55.534869],[23.237632,55.545292],[23.239632,55.546394],[23.235529,55.550187],[23.235699,55.552344],[23.231893,55.55639],[23.233863,55.558391],[23.229091,55.5623],[23.229267,55.563164],[23.225901,55.563366],[23.232547,55.572517],[23.229382,55.576743],[23.223121,55.574828],[23.219826,55.569213],[23.217942,55.5685],[23.215719,55.565539],[23.208257,55.564179],[23.204867,55.566213],[23.191457,55.56188],[23.187445,55.559001],[23.172833,55.558971],[23.138642,55.556529],[23.138925,55.555632],[23.127309,55.556067],[23.130009,55.560543],[23.121814,55.560727],[23.11887,55.568503],[23.109777,55.567166],[23.104989,55.567171],[23.103095,55.565704],[23.097397,55.564629],[23.098879,55.559438],[23.100948,55.559503],[23.102424,55.554619],[23.094195,55.553805],[23.096024,55.541527],[23.087604,55.540585],[23.083208,55.541501],[23.074844,55.540762],[23.074495,55.540138],[23.07609,55.538925],[23.075326,55.53759],[23.076171,55.535987],[23.075141,55.535351],[23.073317,55.536034],[23.072985,55.533876],[23.074461,55.533281],[23.075583,55.533988],[23.079055,55.533014],[23.078231,55.531965],[23.079009,55.528378],[23.077519,55.5272],[23.079029,55.525605],[23.077807,55.524961],[23.079529,55.524467],[23.080258,55.523101],[23.078603,55.522162],[23.081694,55.520534],[23.082958,55.520901],[23.081694,55.51902],[23.079375,55.519456],[23.080176,55.513889],[23.081225,55.512276],[23.085704,55.511488],[23.085482,55.509918],[23.082883,55.51053],[23.081531,55.508073],[23.079175,55.507127],[23.078413,55.504512],[23.080698,55.503067],[23.078144,55.501626],[23.063264,55.50712],[23.063458,55.513623],[23.057008,55.515669],[23.056148,55.513701],[23.061045,55.503706],[23.064299,55.500274],[23.057041,55.498123],[23.053908,55.501587],[23.049686,55.500347],[23.043115,55.50759],[23.041334,55.507602],[23.041034,55.510713],[23.036613,55.510117],[23.032365,55.502049],[23.031274,55.502261],[23.027945,55.499119],[23.017709,55.496263],[23.013128,55.493942],[23.011433,55.493777],[23.008783,55.497005],[23.004921,55.496445],[23.00271,55.494416],[23.003826,55.494416],[23.004599,55.491219],[23.000543,55.488902],[22.998172,55.491659],[22.993612,55.491304],[22.988473,55.492234],[22.976639,55.490872],[22.95825,55.48745],[22.935181,55.485272]]]}},{"type":"Feature","properties":{"display_name":"Klaipėdos apskritis","feature_type":"county","suggested_code":"LA","county_code":"LA","city_code":"LM","iata_region":"PLQ","mc:scopes":"lt plq la","mc:region":"la","mc:iata":"plq","priority":1},"geometry":{"type":"Polygon","coordinates":[[[21.068018,55.960889],[21.054371,55.924856],[21.049085,55.919649],[21.050301,55.912667],[21.049662,55.903489],[21.053421,55.885804],[21.051716,55.879028],[21.054381,55.875946],[21.057214,55.868364],[21.059417,55.848298],[21.058533,55.839175],[21.064273,55.819526],[21.069224,55.786534],[21.080188,55.76136],[21.0858,55.734376],[21.084911,55.731167],[21.082885,55.72993],[21.079422,55.730718],[21.080004,55.730327],[21.077362,55.729291],[21.076705,55.727029],[21.082085,55.726126],[21.094091,55.722268],[21.093861,55.718176],[21.101156,55.68561],[21.103634,55.665044],[21.105818,55.638132],[21.105952,55.611003],[21.105146,55.594931],[21.098739,55.542042],[21.092917,55.516742],[21.068913,55.450294],[21.059827,55.429173],[21.047222,55.405164],[21.0284,55.375033],[20.993671,55.32666],[20.970514,55.298194],[20.953774,55.280834],[20.983711,55.277633],[21.098362,55.256388],[21.263746,55.245604],[21.267571,55.246279],[21.270983,55.245006],[21.283854,55.249674],[21.296376,55.252526],[21.302937,55.256174],[21.306265,55.260988],[21.320252,55.266307],[21.332381,55.275271],[21.345127,55.278181],[21.356834,55.284915],[21.374412,55.287564],[21.376105,55.288626],[21.378205,55.293276],[21.382524,55.294083],[21.392413,55.288867],[21.401175,55.281385],[21.406848,55.277837],[21.416511,55.262703],[21.422462,55.257427],[21.431216,55.252326],[21.436636,55.237591],[21.449371,55.221495],[21.45584,55.217435],[21.488076,55.201002],[21.493202,55.192889],[21.499169,55.187834],[21.509637,55.185179],[21.51495,55.185259],[21.520397,55.186701],[21.533402,55.193854],[21.54136,55.196511],[21.548813,55.197489],[21.570132,55.198128],[21.577306,55.196515],[21.588618,55.190322],[21.595842,55.187697],[21.613566,55.187075],[21.630842,55.183101],[21.649974,55.180571],[21.651218,55.181495],[21.650146,55.182084],[21.666663,55.181261],[21.668781,55.181704],[21.668841,55.183975],[21.667158,55.184589],[21.666194,55.186973],[21.661255,55.187607],[21.666776,55.199698],[21.670436,55.199569],[21.674525,55.200518],[21.680016,55.200319],[21.681481,55.199144],[21.690554,55.20505],[21.690654,55.211754],[21.701744,55.210599],[21.700644,55.212296],[21.72078,55.211064],[21.7206,55.211616],[21.724096,55.21163],[21.726877,55.212623],[21.730334,55.212458],[21.733423,55.215673],[21.735274,55.215468],[21.737975,55.216612],[21.730339,55.222305],[21.735277,55.225985],[21.748324,55.228527],[21.765003,55.227226],[21.766052,55.229149],[21.779382,55.224034],[21.7792,55.224587],[21.786969,55.227236],[21.788405,55.230047],[21.791769,55.229602],[21.802597,55.225329],[21.808672,55.224486],[21.819547,55.219623],[21.812319,55.213372],[21.825809,55.211629],[21.866363,55.203186],[21.87235,55.215893],[21.872918,55.221089],[21.877148,55.229836],[21.87444,55.23286],[21.87695,55.235585],[21.882562,55.238322],[21.868535,55.246299],[21.865632,55.246105],[21.861637,55.249508],[21.857466,55.259398],[21.857896,55.262272],[21.851638,55.267014],[21.849544,55.269916],[21.85243,55.275069],[21.855999,55.278962],[21.864005,55.282783],[21.863649,55.283667],[21.866769,55.287706],[21.872978,55.29121],[21.872184,55.293961],[21.884402,55.296548],[21.888012,55.291585],[21.896269,55.288123],[21.933794,55.318383],[21.939487,55.321484],[21.944026,55.321931],[21.943468,55.323365],[21.951062,55.327199],[21.952267,55.32965],[21.952896,55.339268],[21.955009,55.339125],[21.95906,55.340695],[21.966389,55.340356],[21.97184,55.342958],[21.975729,55.342863],[21.974519,55.343958],[21.989176,55.349936],[21.993162,55.354896],[21.99859,55.354421],[22.009498,55.373389],[22.01112,55.374423],[22.013387,55.380642],[22.018036,55.384343],[22.020211,55.384891],[22.02102,55.389387],[22.024763,55.393667],[22.022356,55.393884],[22.018901,55.396049],[22.014975,55.39622],[22.010209,55.398377],[22.01172,55.399504],[22.019709,55.401845],[22.022198,55.409657],[22.018634,55.412308],[22.015076,55.412933],[22.009964,55.410154],[22.010153,55.407645],[22.002959,55.407279],[22.000273,55.424419],[21.971348,55.422903],[21.919539,55.436124],[21.871998,55.423173],[21.864568,55.46519],[21.867034,55.465916],[21.850461,55.499313],[21.84815,55.498026],[21.846198,55.498154],[21.844338,55.496495],[21.836499,55.494705],[21.834426,55.499132],[21.834965,55.502421],[21.827045,55.517674],[21.822672,55.515749],[21.821586,55.518304],[21.827192,55.522679],[21.826115,55.525306],[21.830107,55.528109],[21.824838,55.532877],[21.827862,55.537342],[21.826708,55.537658],[21.834892,55.54212],[21.836163,55.543823],[21.835407,55.545805],[21.825126,55.55021],[21.824451,55.548329],[21.815316,55.546953],[21.808564,55.549198],[21.835436,55.570392],[21.838075,55.568785],[21.842001,55.568612],[21.845985,55.572187],[21.850901,55.574304],[21.857639,55.571295],[21.878597,55.579553],[21.882254,55.582375],[21.868753,55.587335],[21.880136,55.596952],[21.841508,55.612591],[21.844018,55.613587],[21.84072,55.616567],[21.843832,55.617985],[21.810926,55.617754],[21.809874,55.618326],[21.810392,55.619221],[21.815295,55.623072],[21.813448,55.623854],[21.812497,55.626468],[21.808853,55.628838],[21.810523,55.63121],[21.807449,55.633134],[21.80854,55.635881],[21.807665,55.637257],[21.796871,55.638693],[21.788559,55.641688],[21.788296,55.643392],[21.782299,55.647957],[21.786581,55.649134],[21.794615,55.645901],[21.799005,55.647182],[21.797541,55.650534],[21.791004,55.652279],[21.788155,55.66024],[21.781554,55.661777],[21.791106,55.669873],[21.787835,55.671327],[21.794007,55.680566],[21.791198,55.683377],[21.797113,55.68492],[21.802574,55.68867],[21.800397,55.68962],[21.79566,55.690278],[21.794909,55.689857],[21.794357,55.690681],[21.792951,55.690316],[21.789294,55.691215],[21.786453,55.696187],[21.78073,55.70183],[21.766994,55.701497],[21.758391,55.71054],[21.751179,55.712383],[21.755184,55.719219],[21.754203,55.721965],[21.75789,55.725899],[21.768657,55.729704],[21.765462,55.733473],[21.760447,55.737065],[21.762607,55.745213],[21.762069,55.74827],[21.763296,55.749648],[21.74151,55.759262],[21.739029,55.754647],[21.734982,55.755337],[21.734726,55.750082],[21.732531,55.750837],[21.729066,55.749862],[21.726127,55.750399],[21.725434,55.753815],[21.722364,55.754895],[21.71496,55.750772],[21.713205,55.748886],[21.700859,55.75238],[21.696146,55.751903],[21.695328,55.753632],[21.671132,55.759425],[21.666376,55.761434],[21.664683,55.760944],[21.662449,55.758255],[21.661208,55.754602],[21.657291,55.753332],[21.657945,55.752656],[21.656209,55.752143],[21.656907,55.751487],[21.653153,55.75059],[21.654059,55.749258],[21.651724,55.749997],[21.651749,55.748849],[21.650408,55.749802],[21.647073,55.749164],[21.645638,55.750074],[21.646772,55.750956],[21.645904,55.751431],[21.644414,55.751002],[21.644086,55.752283],[21.642231,55.750623],[21.640385,55.751177],[21.64008,55.752634],[21.639449,55.751705],[21.638539,55.752518],[21.636953,55.751836],[21.636406,55.752428],[21.636161,55.75138],[21.634988,55.752354],[21.634015,55.751136],[21.632504,55.752883],[21.631326,55.752557],[21.631402,55.753819],[21.628576,55.753783],[21.627701,55.752568],[21.624983,55.754738],[21.629358,55.759528],[21.627644,55.76808],[21.632175,55.768618],[21.638386,55.76804],[21.639831,55.772263],[21.63669,55.77248],[21.633043,55.771286],[21.629996,55.771472],[21.627789,55.773895],[21.626102,55.773931],[21.625273,55.776852],[21.628924,55.776847],[21.627518,55.786103],[21.622819,55.785161],[21.620273,55.785452],[21.618542,55.786964],[21.621565,55.788466],[21.616857,55.791315],[21.61488,55.789268],[21.611745,55.788681],[21.606444,55.790768],[21.611529,55.791797],[21.608169,55.796012],[21.600478,55.798161],[21.600404,55.80332],[21.606532,55.805089],[21.602825,55.809253],[21.603538,55.813248],[21.597881,55.817538],[21.594921,55.814405],[21.59788,55.812679],[21.59614,55.806899],[21.592012,55.805275],[21.591024,55.803868],[21.587928,55.803045],[21.583796,55.804328],[21.583804,55.803337],[21.572285,55.802974],[21.561737,55.804741],[21.557132,55.80195],[21.559814,55.798678],[21.547496,55.799084],[21.538337,55.801323],[21.535494,55.803511],[21.525509,55.803908],[21.519712,55.805431],[21.522014,55.80528],[21.523436,55.806331],[21.517346,55.808175],[21.512011,55.808845],[21.517764,55.817071],[21.519132,55.816632],[21.523359,55.820053],[21.522794,55.821336],[21.520984,55.821706],[21.523777,55.825541],[21.523417,55.827089],[21.525904,55.826994],[21.526679,55.831504],[21.533399,55.835381],[21.535932,55.833529],[21.534927,55.83238],[21.535838,55.831945],[21.539009,55.832849],[21.536247,55.836337],[21.537603,55.838367],[21.53585,55.843231],[21.540741,55.850335],[21.554519,55.847365],[21.558393,55.862198],[21.573868,55.863564],[21.5862,55.859576],[21.589587,55.859675],[21.591205,55.86069],[21.592278,55.85998],[21.591917,55.861978],[21.589887,55.86223],[21.590881,55.863788],[21.588414,55.864428],[21.590024,55.865982],[21.58754,55.865601],[21.588377,55.866734],[21.586384,55.866729],[21.586537,55.867611],[21.588343,55.868079],[21.587539,55.869101],[21.589998,55.868578],[21.591314,55.87014],[21.590256,55.871218],[21.588215,55.871008],[21.589012,55.872074],[21.587393,55.871824],[21.589752,55.872851],[21.588332,55.87368],[21.589482,55.873957],[21.588203,55.874417],[21.588966,55.875082],[21.586865,55.875174],[21.586255,55.875977],[21.590445,55.879473],[21.597278,55.881549],[21.599202,55.883716],[21.605756,55.881887],[21.619086,55.880918],[21.624985,55.889905],[21.620325,55.890221],[21.62099,55.892203],[21.618512,55.896794],[21.616682,55.89672],[21.615804,55.897938],[21.614871,55.897556],[21.613728,55.898149],[21.613838,55.897343],[21.610534,55.89671],[21.609606,55.897887],[21.611348,55.898776],[21.610288,55.900211],[21.608656,55.899773],[21.608621,55.900664],[21.607207,55.899934],[21.6071,55.901006],[21.60465,55.901083],[21.603084,55.902545],[21.600431,55.902726],[21.598866,55.901775],[21.59613,55.902197],[21.594362,55.90508],[21.590987,55.905591],[21.592073,55.90738],[21.588348,55.906929],[21.587057,55.907227],[21.587254,55.907949],[21.585588,55.907601],[21.584048,55.908433],[21.582422,55.907474],[21.581388,55.908254],[21.581331,55.906995],[21.58024,55.906831],[21.574343,55.912326],[21.574544,55.918533],[21.582582,55.91778],[21.587821,55.916331],[21.593545,55.916582],[21.592988,55.938958],[21.591015,55.939004],[21.589184,55.94027],[21.58851,55.943117],[21.581521,55.94414],[21.6001,55.974156],[21.57189,55.980171],[21.586573,56.001736],[21.596737,55.999289],[21.597867,55.999982],[21.600436,55.999418],[21.602941,56.000915],[21.6053,56.000208],[21.607059,56.001233],[21.614937,55.999356],[21.614628,55.997185],[21.622356,55.995809],[21.624997,55.996164],[21.630343,56.004571],[21.637841,56.002906],[21.652305,56.019041],[21.666213,56.039217],[21.671839,56.037942],[21.675425,56.038466],[21.675745,56.039358],[21.67755,56.039057],[21.677804,56.04423],[21.682325,56.043166],[21.703985,56.077211],[21.722942,56.073056],[21.746662,56.107641],[21.759065,56.104986],[21.760946,56.107641],[21.771143,56.10517],[21.773552,56.108824],[21.809393,56.101112],[21.827616,56.098099],[21.830203,56.100915],[21.828717,56.117221],[21.830328,56.119231],[21.830063,56.122566],[21.827015,56.123496],[21.823243,56.127153],[21.82607,56.128398],[21.82709,56.131247],[21.847364,56.130883],[21.845008,56.123713],[21.899497,56.119619],[21.898657,56.114635],[21.902648,56.114315],[21.903571,56.110673],[21.916453,56.113479],[21.919798,56.115898],[21.925351,56.117742],[21.919273,56.119639],[21.918432,56.121408],[21.922416,56.123703],[21.92563,56.128268],[21.92611,56.13203],[21.934609,56.132725],[21.945413,56.176229],[21.957355,56.175439],[21.963316,56.199967],[22.0133,56.196101],[22.014448,56.200108],[22.016307,56.200519],[22.017128,56.202621],[22.015507,56.203841],[22.017902,56.212133],[21.999627,56.223136],[22.00503,56.225279],[22.004247,56.228246],[22.001104,56.232141],[21.997288,56.232747],[21.991381,56.248575],[21.981946,56.252114],[21.976917,56.268362],[21.968724,56.268731],[21.9742,56.289872],[21.97335,56.292555],[21.976695,56.296183],[21.976099,56.29808],[21.980577,56.315093],[21.967499,56.316158],[21.967967,56.318851],[21.953418,56.31664],[21.953045,56.317357],[21.932106,56.318862],[21.938152,56.33944],[21.938518,56.347985],[21.939936,56.35092],[21.970879,56.348637],[21.973239,56.355183],[21.976711,56.354603],[21.977995,56.357635],[21.973958,56.358431],[21.976129,56.366362],[21.971694,56.366691],[21.980221,56.379136],[21.978209,56.385145],[21.973518,56.377993],[21.96954,56.376652],[21.961881,56.377924],[21.958247,56.381558],[21.954208,56.381598],[21.946179,56.37749],[21.945054,56.374863],[21.936861,56.374687],[21.933471,56.373605],[21.91935,56.372027],[21.918283,56.370215],[21.919352,56.368478],[21.918136,56.368131],[21.916633,56.368387],[21.903399,56.365648],[21.885796,56.363732],[21.881971,56.364057],[21.872967,56.361453],[21.868767,56.362621],[21.866479,56.366062],[21.850409,56.369849],[21.835662,56.37162],[21.824277,56.36474],[21.824098,56.363107],[21.818988,56.363181],[21.814356,56.361621],[21.807982,56.362379],[21.808054,56.358991],[21.806249,56.356193],[21.802857,56.354123],[21.802597,56.352614],[21.793286,56.348393],[21.790799,56.348425],[21.791501,56.347547],[21.7883,56.345705],[21.78873,56.344553],[21.787604,56.343662],[21.783378,56.34309],[21.778793,56.340571],[21.776432,56.340722],[21.773253,56.33901],[21.770478,56.339289],[21.769032,56.337965],[21.766141,56.337723],[21.765504,56.337004],[21.75701,56.337283],[21.75511,56.335148],[21.75311,56.33561],[21.753236,56.334926],[21.751861,56.334955],[21.750923,56.33391],[21.749288,56.334014],[21.7468,56.332917],[21.745097,56.330586],[21.74035,56.329837],[21.740503,56.328405],[21.739117,56.328206],[21.736801,56.324856],[21.735373,56.324734],[21.733224,56.321028],[21.726949,56.320167],[21.726765,56.316635],[21.725297,56.316064],[21.726396,56.315335],[21.724403,56.313603],[21.722568,56.314106],[21.722123,56.313421],[21.717878,56.313674],[21.714721,56.314512],[21.713514,56.313326],[21.710444,56.314359],[21.710127,56.313627],[21.707766,56.313967],[21.707955,56.313178],[21.706338,56.31359],[21.704908,56.312953],[21.703618,56.313262],[21.704193,56.313671],[21.700772,56.314099],[21.69793,56.313842],[21.697821,56.313031],[21.695467,56.312911],[21.69584,56.31209],[21.69231,56.311514],[21.689638,56.313139],[21.689944,56.312111],[21.686345,56.312588],[21.686234,56.31171],[21.684793,56.313165],[21.682089,56.312968],[21.68071,56.313832],[21.679906,56.312799],[21.676052,56.313242],[21.675509,56.311839],[21.673238,56.311336],[21.672413,56.312307],[21.668876,56.313015],[21.668864,56.313952],[21.667715,56.313507],[21.667318,56.315211],[21.664207,56.315547],[21.665395,56.316522],[21.663327,56.316521],[21.65978,56.31855],[21.657488,56.317898],[21.654381,56.318788],[21.654283,56.317834],[21.651946,56.317377],[21.650912,56.318768],[21.648545,56.319063],[21.645843,56.320821],[21.643568,56.32085],[21.642576,56.319789],[21.641335,56.320403],[21.638245,56.320266],[21.639291,56.320658],[21.637859,56.32199],[21.635049,56.321915],[21.634921,56.322947],[21.632721,56.322501],[21.632729,56.323195],[21.629538,56.323161],[21.627298,56.321776],[21.625307,56.323346],[21.622507,56.322608],[21.620097,56.324309],[21.619499,56.323791],[21.616355,56.32492],[21.613885,56.324024],[21.611036,56.325187],[21.607459,56.324589],[21.607778,56.32316],[21.601503,56.324329],[21.601373,56.323593],[21.598402,56.323948],[21.598282,56.323105],[21.594371,56.323168],[21.592751,56.322239],[21.586828,56.322738],[21.584514,56.321505],[21.58543,56.320203],[21.578972,56.319583],[21.57819,56.318254],[21.579227,56.317313],[21.577462,56.316111],[21.57849,56.315113],[21.576519,56.314608],[21.574374,56.315768],[21.571368,56.316143],[21.568022,56.31534],[21.565468,56.316033],[21.5654,56.316898],[21.564406,56.315951],[21.563344,56.316862],[21.561009,56.316049],[21.562768,56.313897],[21.561135,56.314381],[21.559052,56.313307],[21.561721,56.312368],[21.560369,56.310268],[21.555707,56.307732],[21.556724,56.305624],[21.555416,56.305263],[21.557371,56.304681],[21.555156,56.303537],[21.554091,56.303786],[21.554727,56.302537],[21.550917,56.302265],[21.548341,56.301031],[21.546759,56.299609],[21.546937,56.297711],[21.544762,56.297373],[21.542257,56.298251],[21.541068,56.296759],[21.533902,56.293291],[21.529481,56.294187],[21.524433,56.293696],[21.523213,56.292841],[21.522351,56.293501],[21.521794,56.291796],[21.51824,56.291773],[21.519285,56.291328],[21.516052,56.291023],[21.514668,56.289447],[21.513196,56.289972],[21.514086,56.291435],[21.50965,56.292247],[21.509587,56.293162],[21.507461,56.293157],[21.506375,56.292163],[21.502515,56.292395],[21.50564,56.293778],[21.502762,56.295496],[21.499329,56.294831],[21.499714,56.291701],[21.496254,56.292558],[21.49165,56.291058],[21.490919,56.287988],[21.474263,56.274777],[21.467096,56.270708],[21.465418,56.266471],[21.46646,56.264571],[21.465176,56.260512],[21.457813,56.254752],[21.457409,56.25289],[21.452102,56.248469],[21.440493,56.246349],[21.43147,56.240693],[21.417219,56.241982],[21.405791,56.236142],[21.378338,56.227809],[21.353838,56.224695],[21.352087,56.223395],[21.347452,56.222808],[21.347244,56.22151],[21.338425,56.218308],[21.338154,56.21737],[21.335604,56.217988],[21.333596,56.217131],[21.332777,56.21769],[21.333598,56.218449],[21.330731,56.218264],[21.330478,56.218755],[21.328295,56.21797],[21.325404,56.215373],[21.322462,56.214798],[21.318352,56.211875],[21.318495,56.21112],[21.308112,56.202312],[21.305888,56.201895],[21.304743,56.199321],[21.299782,56.195097],[21.300401,56.193925],[21.298427,56.191748],[21.293563,56.191189],[21.292643,56.189756],[21.291219,56.189759],[21.291343,56.188851],[21.289108,56.188151],[21.288099,56.188739],[21.287081,56.186502],[21.285809,56.186663],[21.285907,56.185868],[21.28256,56.184859],[21.281855,56.18192],[21.283098,56.179647],[21.279344,56.180523],[21.278089,56.180081],[21.279952,56.178907],[21.278558,56.177645],[21.279259,56.174494],[21.274607,56.174686],[21.275595,56.173745],[21.274363,56.171987],[21.272124,56.171235],[21.271146,56.17207],[21.268445,56.171931],[21.267313,56.170748],[21.268065,56.169603],[21.264487,56.168063],[21.263345,56.167898],[21.263234,56.168522],[21.259621,56.16756],[21.260292,56.168882],[21.257902,56.168834],[21.256046,56.166589],[21.256908,56.165981],[21.255284,56.165308],[21.248683,56.166227],[21.248688,56.164659],[21.246834,56.164038],[21.244509,56.163933],[21.243774,56.164643],[21.241449,56.162986],[21.23959,56.163678],[21.238282,56.163484],[21.238806,56.162605],[21.237105,56.163309],[21.23671,56.162642],[21.235186,56.163232],[21.234028,56.16239],[21.231259,56.162593],[21.230849,56.161076],[21.229233,56.160914],[21.230034,56.160097],[21.22879,56.160234],[21.227323,56.159155],[21.227559,56.157028],[21.225707,56.15639],[21.227576,56.155421],[21.226846,56.153948],[21.229044,56.153052],[21.229996,56.150544],[21.228627,56.150737],[21.227358,56.149639],[21.227902,56.148589],[21.226436,56.148445],[21.226946,56.146387],[21.228295,56.146214],[21.226958,56.145863],[21.23083,56.143452],[21.230231,56.142914],[21.228844,56.143366],[21.228876,56.142379],[21.231573,56.142664],[21.233041,56.141769],[21.230299,56.1414],[21.228624,56.140268],[21.228728,56.138922],[21.22994,56.136588],[21.231873,56.13589],[21.232468,56.136557],[21.233374,56.135061],[21.235494,56.135551],[21.23591,56.13339],[21.236998,56.133451],[21.235447,56.132182],[21.237711,56.13183],[21.239048,56.129514],[21.237795,56.129686],[21.238031,56.128859],[21.235919,56.128648],[21.235277,56.12766],[21.23729,56.127457],[21.237248,56.125081],[21.238883,56.122891],[21.235697,56.122349],[21.235286,56.120131],[21.233341,56.119406],[21.235508,56.115785],[21.233971,56.115093],[21.229788,56.115178],[21.228808,56.113718],[21.226043,56.11362],[21.223661,56.110138],[21.224642,56.109076],[21.22058,56.108759],[21.222735,56.107251],[21.222038,56.106771],[21.22421,56.106532],[21.222336,56.104989],[21.225129,56.103434],[21.223251,56.10268],[21.220844,56.10309],[21.221485,56.102517],[21.218815,56.102282],[21.217395,56.10094],[21.215329,56.102119],[21.217859,56.09955],[21.214697,56.098229],[21.214975,56.096662],[21.211566,56.095843],[21.212592,56.094131],[21.209928,56.092819],[21.212988,56.09186],[21.213006,56.090843],[21.21111,56.090182],[21.211472,56.087966],[21.209466,56.087627],[21.210167,56.086181],[21.20886,56.086106],[21.209621,56.085594],[21.208557,56.084291],[21.206582,56.084171],[21.207266,56.083381],[21.205235,56.082391],[21.204231,56.08003],[21.200542,56.079546],[21.201586,56.078867],[21.200002,56.078154],[21.201966,56.078021],[21.201534,56.077349],[21.203125,56.077766],[21.202445,56.077093],[21.196877,56.077012],[21.193425,56.076319],[21.193242,56.075711],[21.186589,56.076062],[21.18403,56.074886],[21.180554,56.074989],[21.180531,56.075717],[21.179373,56.075786],[21.1804,56.077354],[21.177525,56.078206],[21.17587,56.079936],[21.173876,56.080211],[21.174415,56.081319],[21.171512,56.081099],[21.16709,56.084067],[21.162466,56.085472],[21.16293,56.086169],[21.159696,56.086245],[21.157942,56.08498],[21.156991,56.085418],[21.153937,56.084181],[21.151529,56.084266],[21.150792,56.083403],[21.147738,56.083658],[21.147485,56.082639],[21.145932,56.084136],[21.143338,56.080024],[21.064661,56.069181],[21.072308,56.040021],[21.071815,56.033605],[21.068105,56.029287],[21.072335,56.006912],[21.070683,55.974062],[21.068018,55.960889]]]}},{"type":"Feature","properties":{"display_name":"Marijampolės apskritis","feature_type":"county","suggested_code":"MA","county_code":"MA","city_code":"MM","iata_region":"KUN","mc:scopes":"lt kun ma","mc:region":"ma","mc:iata":"kun","priority":1},"geometry":{"type":"Polygon","coordinates":[[[22.696755,54.489954],[22.70419,54.46822],[22.703288,54.460304],[22.701786,54.457156],[22.702547,54.455409],[22.701183,54.453614],[22.736439,54.442917],[22.767108,54.384818],[22.769626,54.38391],[22.774225,54.378952],[22.789401,54.368688],[22.792002,54.363323],[22.811426,54.370978],[22.816654,54.3798],[22.836302,54.406481],[22.849234,54.407234],[22.85469,54.410403],[22.867566,54.408459],[22.883412,54.409529],[22.887995,54.409088],[22.887499,54.399943],[22.898127,54.400416],[22.90189,54.399195],[22.934686,54.396212],[22.948524,54.392803],[22.964985,54.390585],[22.983846,54.389574],[22.984778,54.384542],[22.995547,54.384359],[23.010215,54.382796],[22.993913,54.361899],[23.009382,54.35572],[23.026715,54.352268],[23.0477,54.349188],[23.058121,54.345346],[23.063165,54.340958],[23.050922,54.333531],[23.046361,54.327221],[23.042122,54.315974],[23.092169,54.298454],[23.099684,54.299135],[23.107035,54.304143],[23.140399,54.31595],[23.148796,54.314355],[23.149915,54.313107],[23.159758,54.309604],[23.154201,54.297024],[23.169617,54.294953],[23.176426,54.290863],[23.202421,54.288626],[23.205512,54.283344],[23.211479,54.278202],[23.223781,54.271905],[23.233884,54.26091],[23.23906,54.260172],[23.248879,54.25682],[23.259337,54.259368],[23.281797,54.260674],[23.288747,54.257055],[23.296613,54.255528],[23.300508,54.255949],[23.321509,54.253301],[23.322851,54.269897],[23.331069,54.269828],[23.331588,54.277617],[23.311954,54.296447],[23.343237,54.308383],[23.344856,54.310456],[23.33949,54.318185],[23.338738,54.324212],[23.336747,54.327089],[23.337662,54.328761],[23.346343,54.331768],[23.34628,54.335475],[23.344333,54.338728],[23.347495,54.346879],[23.355174,54.344757],[23.358475,54.344628],[23.368542,54.351165],[23.36581,54.353496],[23.365039,54.359067],[23.392423,54.362595],[23.399236,54.367313],[23.444251,54.366083],[23.443174,54.370825],[23.438618,54.377899],[23.438509,54.385078],[23.43561,54.389541],[23.44119,54.390704],[23.439822,54.394431],[23.430642,54.398547],[23.432376,54.401193],[23.448263,54.400826],[23.450065,54.398821],[23.454142,54.398711],[23.454314,54.400501],[23.488084,54.41482],[23.499897,54.415469],[23.49981,54.414429],[23.511913,54.414327],[23.510185,54.463181],[23.51114,54.463182],[23.511741,54.464455],[23.510141,54.464827],[23.510549,54.466234],[23.514411,54.467519],[23.531161,54.466126],[23.537245,54.470968],[23.561861,54.473101],[23.5983,54.486809],[23.613042,54.486804],[23.61525,54.4893],[23.613472,54.491131],[23.61331,54.493229],[23.616782,54.493491],[23.617491,54.500147],[23.624028,54.508204],[23.632828,54.511083],[23.638008,54.511366],[23.640432,54.51321],[23.656838,54.512029],[23.662233,54.508949],[23.669046,54.502651],[23.668724,54.499487],[23.675516,54.483839],[23.684021,54.474224],[23.713935,54.483877],[23.725158,54.472806],[23.751492,54.465743],[23.755396,54.468733],[23.75235,54.470124],[23.758491,54.47878],[23.761174,54.478347],[23.768598,54.481109],[23.784346,54.490681],[23.784855,54.492514],[23.782281,54.497313],[23.78785,54.501186],[23.792233,54.501966],[23.793703,54.503121],[23.78345,54.511366],[23.776283,54.514263],[23.771431,54.519184],[23.759419,54.526475],[23.756189,54.542734],[23.749719,54.549726],[23.721943,54.54541],[23.723503,54.5427],[23.705229,54.540779],[23.70183,54.541708],[23.696067,54.554527],[23.691659,54.55858],[23.686514,54.560142],[23.680857,54.55958],[23.658248,54.582621],[23.659683,54.583861],[23.673946,54.587432],[23.686869,54.589148],[23.698707,54.592638],[23.699233,54.593551],[23.693848,54.59846],[23.69301,54.598336],[23.675174,54.616317],[23.667233,54.61371],[23.649745,54.614343],[23.636796,54.613427],[23.64876,54.62151],[23.647086,54.624411],[23.629468,54.621344],[23.625326,54.62881],[23.673257,54.638976],[23.672807,54.639966],[23.65656,54.645298],[23.659711,54.650115],[23.656247,54.653128],[23.663923,54.656641],[23.67336,54.657384],[23.673962,54.658763],[23.673255,54.661838],[23.667821,54.662702],[23.668618,54.666312],[23.662027,54.682175],[23.646833,54.697591],[23.64227,54.70168],[23.640943,54.701223],[23.639576,54.702886],[23.640536,54.703254],[23.633097,54.71022],[23.647766,54.715072],[23.648635,54.716031],[23.651086,54.71616],[23.663093,54.720139],[23.637124,54.746321],[23.647684,54.759291],[23.646204,54.765604],[23.643657,54.767789],[23.645127,54.768607],[23.635316,54.768755],[23.623415,54.76659],[23.613459,54.761076],[23.611818,54.760875],[23.604482,54.76],[23.604915,54.761089],[23.603711,54.761388],[23.585645,54.761376],[23.586566,54.766632],[23.598378,54.765687],[23.603416,54.766463],[23.602775,54.768514],[23.608902,54.771674],[23.613412,54.771798],[23.618105,54.773293],[23.62465,54.780804],[23.625559,54.780711],[23.632802,54.787166],[23.623573,54.789565],[23.622141,54.790715],[23.621878,54.796102],[23.626834,54.79671],[23.631989,54.795383],[23.641552,54.804383],[23.618534,54.817403],[23.618114,54.819427],[23.611887,54.821192],[23.607702,54.823611],[23.625279,54.840239],[23.613291,54.847436],[23.597679,54.852679],[23.596197,54.852266],[23.594454,54.847834],[23.5895,54.844055],[23.580462,54.845323],[23.580329,54.851906],[23.57921,54.852003],[23.581474,54.854138],[23.580254,54.854987],[23.574102,54.853608],[23.567819,54.856053],[23.570505,54.858597],[23.545359,54.867285],[23.550962,54.872704],[23.575558,54.869084],[23.580689,54.873444],[23.58396,54.874302],[23.580992,54.876058],[23.581457,54.876695],[23.543886,54.89268],[23.541571,54.895759],[23.506262,54.887242],[23.510113,54.88015],[23.5032,54.880418],[23.499182,54.883114],[23.501162,54.885559],[23.48876,54.887412],[23.482532,54.887616],[23.482619,54.890523],[23.47885,54.891067],[23.478631,54.896089],[23.479708,54.896248],[23.479199,54.901236],[23.477802,54.901219],[23.4754,54.928668],[23.391269,54.949328],[23.402174,54.958764],[23.415703,54.955202],[23.441517,54.977045],[23.450561,54.978584],[23.455403,54.978623],[23.480594,54.97254],[23.487855,54.971441],[23.498648,54.972833],[23.50604,54.972716],[23.509849,54.975697],[23.512129,54.976194],[23.524501,54.983401],[23.52326,54.986034],[23.526739,54.987193],[23.531478,54.994036],[23.535282,54.993934],[23.537122,54.998984],[23.54416,55.002442],[23.554175,54.999805],[23.560417,54.999989],[23.56238,54.999404],[23.574909,54.999876],[23.576821,55.001066],[23.581571,55.001495],[23.588043,55.008532],[23.583752,55.014208],[23.58681,55.018649],[23.587667,55.029267],[23.585939,55.031826],[23.581389,55.0351],[23.567587,55.04028],[23.552095,55.04333],[23.52805,55.04328],[23.500462,55.045013],[23.47685,55.04946],[23.464002,55.053169],[23.438598,55.067859],[23.430444,55.070628],[23.418002,55.073128],[23.395118,55.075044],[23.386438,55.075044],[23.375119,55.073527],[23.356603,55.068904],[23.349552,55.067913],[23.339413,55.066813],[23.324844,55.066923],[23.296473,55.070857],[23.266184,55.076746],[23.253465,55.078208],[23.237576,55.078544],[23.225679,55.079797],[23.198018,55.086916],[23.184518,55.088826],[23.168156,55.089721],[23.152298,55.088791],[23.139516,55.088987],[23.126253,55.090532],[23.10045,55.097031],[23.082554,55.100306],[23.071057,55.103231],[23.055333,55.105133],[23.026741,55.102866],[23.009276,55.10041],[22.979556,55.093116],[22.963169,55.087078],[22.945549,55.08341],[22.939027,55.082734],[22.901421,55.083241],[22.896767,55.083868],[22.883143,55.088135],[22.876775,55.089359],[22.852291,55.088308],[22.837447,55.085104],[22.822698,55.078682],[22.811484,55.075182],[22.803983,55.074757],[22.784547,55.076713],[22.776461,55.075499],[22.751465,55.06235],[22.741055,55.059166],[22.730664,55.058237],[22.714458,55.058342],[22.690029,55.055028],[22.671919,55.050603],[22.659978,55.048857],[22.647501,55.049378],[22.635288,55.052463],[22.628349,55.055495],[22.61894,55.06124],[22.603372,55.065249],[22.589236,55.070243],[22.592099,55.059869],[22.5903,55.054097],[22.594403,55.048878],[22.594027,55.048061],[22.597484,55.045994],[22.597233,55.037076],[22.594666,55.03422],[22.596188,55.02578],[22.597568,55.023372],[22.602554,55.019598],[22.603582,55.013451],[22.606047,55.012824],[22.614195,55.012711],[22.614946,55.009717],[22.625049,55.004149],[22.628323,54.997693],[22.626549,54.9956],[22.635186,54.989382],[22.636244,54.985076],[22.638278,54.984113],[22.641265,54.984588],[22.643102,54.984012],[22.643701,54.98206],[22.641304,54.978411],[22.642534,54.975508],[22.64163,54.972367],[22.644063,54.969896],[22.647378,54.968575],[22.64876,54.966622],[22.652834,54.965036],[22.655099,54.965302],[22.657352,54.967811],[22.659504,54.9668],[22.660665,54.964523],[22.663809,54.964567],[22.668324,54.969209],[22.663853,54.970778],[22.664763,54.973955],[22.662328,54.977467],[22.659375,54.979405],[22.659369,54.981877],[22.664987,54.98581],[22.670839,54.988154],[22.674255,54.988348],[22.678072,54.987501],[22.68148,54.985898],[22.687677,54.980708],[22.687973,54.975753],[22.690025,54.971603],[22.695364,54.970605],[22.698193,54.971346],[22.701207,54.973596],[22.707168,54.973541],[22.710074,54.972073],[22.711662,54.969051],[22.713553,54.967795],[22.726138,54.963179],[22.729631,54.959714],[22.727916,54.954756],[22.733735,54.947178],[22.740433,54.944779],[22.740468,54.941554],[22.742737,54.939051],[22.748126,54.937942],[22.762702,54.937651],[22.766276,54.935539],[22.766777,54.932709],[22.754927,54.929343],[22.749374,54.924978],[22.749141,54.923032],[22.752983,54.921118],[22.754486,54.918605],[22.759589,54.916939],[22.76187,54.916925],[22.768722,54.923426],[22.776875,54.925122],[22.783016,54.924833],[22.788786,54.91976],[22.787667,54.913939],[22.789127,54.911438],[22.787821,54.908528],[22.78897,54.906641],[22.793257,54.903718],[22.797165,54.902468],[22.799611,54.902548],[22.802589,54.906122],[22.809724,54.90993],[22.815215,54.911916],[22.820401,54.911983],[22.825993,54.906473],[22.835899,54.903852],[22.836132,54.898662],[22.841881,54.899037],[22.84625,54.897423],[22.847362,54.895675],[22.847409,54.890236],[22.851759,54.890051],[22.855236,54.887883],[22.855317,54.886332],[22.854871,54.885253],[22.848217,54.881159],[22.846254,54.877408],[22.843698,54.875227],[22.843893,54.871852],[22.843001,54.87008],[22.840525,54.868838],[22.839688,54.864231],[22.843626,54.861191],[22.848097,54.861378],[22.854993,54.858702],[22.859259,54.858176],[22.863253,54.856503],[22.864543,54.854067],[22.867069,54.85411],[22.869084,54.853153],[22.868908,54.850191],[22.864843,54.849251],[22.864239,54.846158],[22.859803,54.843031],[22.858754,54.838788],[22.863685,54.836399],[22.871706,54.835517],[22.876482,54.833827],[22.880056,54.825443],[22.878069,54.82307],[22.876382,54.822922],[22.874884,54.823707],[22.872626,54.823255],[22.870987,54.82021],[22.872274,54.819292],[22.878111,54.818901],[22.880608,54.815824],[22.88509,54.815627],[22.886659,54.814082],[22.885388,54.811381],[22.880278,54.811834],[22.87788,54.811305],[22.873335,54.805436],[22.874945,54.800424],[22.871812,54.797348],[22.873582,54.795126],[22.877945,54.793251],[22.877909,54.790805],[22.872119,54.788605],[22.860868,54.788311],[22.854811,54.789842],[22.852394,54.78725],[22.848327,54.785667],[22.848462,54.784771],[22.85163,54.783669],[22.859564,54.777671],[22.85888,54.776551],[22.848565,54.774608],[22.848012,54.773338],[22.849589,54.771407],[22.844099,54.766847],[22.843035,54.766711],[22.840841,54.768541],[22.833663,54.769318],[22.830115,54.768708],[22.826433,54.764021],[22.821306,54.766771],[22.812744,54.766417],[22.812751,54.762667],[22.808031,54.759802],[22.807491,54.756466],[22.805007,54.754365],[22.806229,54.753877],[22.813936,54.756793],[22.815748,54.755463],[22.811947,54.751805],[22.808266,54.753372],[22.80633,54.752573],[22.807025,54.750549],[22.805318,54.74931],[22.807148,54.748006],[22.80575,54.747497],[22.803739,54.749146],[22.802717,54.74862],[22.804287,54.747774],[22.799585,54.747536],[22.798973,54.748944],[22.801239,54.750252],[22.797627,54.750709],[22.796768,54.751596],[22.799962,54.753332],[22.79615,54.752898],[22.794212,54.753632],[22.793478,54.752613],[22.792495,54.753757],[22.792434,54.752669],[22.791046,54.752373],[22.790521,54.754371],[22.789361,54.75228],[22.786392,54.751757],[22.785362,54.749709],[22.783275,54.750117],[22.782537,54.749075],[22.7805,54.750294],[22.778285,54.750446],[22.778035,54.752112],[22.776248,54.75112],[22.774034,54.751182],[22.774482,54.749886],[22.776845,54.748722],[22.773954,54.74813],[22.772672,54.746159],[22.773432,54.745191],[22.770304,54.74079],[22.768177,54.740981],[22.768464,54.739411],[22.766883,54.739343],[22.76696,54.738005],[22.762972,54.737704],[22.76391,54.736305],[22.761733,54.736553],[22.760607,54.735103],[22.758911,54.735025],[22.758654,54.735859],[22.757479,54.733858],[22.755349,54.734264],[22.754275,54.73219],[22.752309,54.732964],[22.750866,54.732573],[22.751036,54.731206],[22.749817,54.73057],[22.749968,54.731587],[22.748757,54.731937],[22.74794,54.731321],[22.746634,54.731964],[22.743886,54.731646],[22.74319,54.730546],[22.745026,54.730192],[22.741573,54.728185],[22.745905,54.725514],[22.738611,54.718955],[22.740243,54.718071],[22.738774,54.716845],[22.741082,54.71687],[22.73906,54.71579],[22.740493,54.715269],[22.742821,54.715755],[22.741425,54.714478],[22.742949,54.714004],[22.742198,54.713488],[22.74324,54.712133],[22.746184,54.712927],[22.748372,54.712026],[22.747165,54.710467],[22.748507,54.709932],[22.747858,54.708613],[22.748963,54.706439],[22.745103,54.706034],[22.74434,54.704219],[22.743208,54.704341],[22.741857,54.703053],[22.74091,54.703558],[22.736994,54.703006],[22.739788,54.701274],[22.737936,54.701323],[22.737558,54.699679],[22.738968,54.699754],[22.739663,54.699018],[22.7361,54.697843],[22.736592,54.698553],[22.73338,54.700171],[22.734072,54.698609],[22.732052,54.698872],[22.731565,54.697343],[22.729251,54.697996],[22.730427,54.696775],[22.729061,54.696461],[22.728394,54.694892],[22.729532,54.694399],[22.728101,54.693684],[22.729616,54.692394],[22.727674,54.692434],[22.726779,54.691533],[22.728236,54.691225],[22.724411,54.689976],[22.724584,54.688403],[22.726511,54.689184],[22.726616,54.687323],[22.724052,54.687009],[22.723338,54.686016],[22.726407,54.684463],[22.726875,54.682111],[22.729314,54.681822],[22.728719,54.67886],[22.730696,54.678487],[22.732004,54.679454],[22.732855,54.679087],[22.733784,54.68031],[22.734997,54.680311],[22.734701,54.679552],[22.737721,54.679686],[22.737348,54.676196],[22.740493,54.674043],[22.740085,54.672966],[22.737504,54.672561],[22.738281,54.672083],[22.737341,54.671672],[22.739314,54.671303],[22.738764,54.670517],[22.731859,54.669946],[22.729171,54.668675],[22.731169,54.667958],[22.73077,54.666437],[22.732939,54.665268],[22.736922,54.664569],[22.737375,54.661682],[22.740818,54.658704],[22.742123,54.658822],[22.742032,54.657916],[22.743569,54.657498],[22.744754,54.657991],[22.748366,54.656773],[22.748063,54.656255],[22.750863,54.656504],[22.751366,54.65554],[22.7559,54.654353],[22.757205,54.652615],[22.754693,54.647611],[22.74586,54.647132],[22.741684,54.642651],[22.750342,54.638735],[22.750436,54.636653],[22.748423,54.634991],[22.748774,54.630895],[22.747294,54.631101],[22.747914,54.629927],[22.744896,54.628546],[22.745626,54.627309],[22.744459,54.627307],[22.74413,54.626856],[22.745382,54.62671],[22.736562,54.625523],[22.73148,54.623068],[22.729056,54.623705],[22.727609,54.622618],[22.726675,54.622944],[22.726421,54.621077],[22.724857,54.620391],[22.725782,54.618946],[22.723244,54.618928],[22.720505,54.616601],[22.722236,54.614802],[22.720033,54.606616],[22.705547,54.602821],[22.700579,54.598683],[22.697697,54.594557],[22.685916,54.590714],[22.683859,54.585972],[22.68376,54.582858],[22.686997,54.579681],[22.689932,54.579307],[22.689866,54.578574],[22.693018,54.578113],[22.69376,54.577193],[22.700014,54.576051],[22.701053,54.569393],[22.70358,54.5679],[22.703337,54.567074],[22.707829,54.565616],[22.708095,54.564761],[22.713352,54.563868],[22.706591,54.560111],[22.706111,54.557186],[22.703137,54.553956],[22.694106,54.550226],[22.691828,54.542126],[22.685836,54.539315],[22.681475,54.535691],[22.680588,54.53303],[22.683804,54.529309],[22.681574,54.524492],[22.684552,54.518414],[22.689211,54.51676],[22.691418,54.515071],[22.692119,54.511742],[22.694224,54.509543],[22.697796,54.508519],[22.699359,54.507252],[22.695991,54.505073],[22.697946,54.493449],[22.696755,54.489954]]]}},{"type":"Feature","properties":{"display_name":"Panevėžio apskritis","feature_type":"county","suggested_code":"PA","county_code":"PA","city_code":"PM","iata_region":"SQQ","mc:scopes":"lt sqq pa","mc:region":"pa","mc:iata":"sqq","priority":1},"geometry":{"type":"Polygon","coordinates":[[[24.71344,55.684589],[24.714775,55.687154],[24.720428,55.690311],[24.719877,55.692472],[24.721225,55.693748],[24.721685,55.69702],[24.720001,55.697827],[24.723659,55.705834],[24.715657,55.720753],[24.722719,55.725342],[24.735277,55.716172],[24.748525,55.712623],[24.757025,55.716678],[24.761248,55.716547],[24.762287,55.717486],[24.775626,55.710927],[24.791136,55.710387],[24.828145,55.723491],[24.841659,55.716638],[24.844255,55.712366],[24.854168,55.704464],[24.862781,55.70902],[24.866105,55.704762],[24.869203,55.706423],[24.871168,55.717065],[24.866782,55.72013],[24.889472,55.722039],[24.88959,55.726294],[24.912848,55.72277],[24.924536,55.717849],[24.936697,55.719312],[24.950266,55.723765],[24.963226,55.730838],[24.965626,55.733461],[24.969074,55.735293],[24.974388,55.736161],[24.980237,55.735597],[24.987878,55.733012],[24.994471,55.732172],[24.995945,55.729805],[24.997689,55.72955],[24.998745,55.726228],[25.001536,55.727491],[25.003727,55.727529],[25.01015,55.731615],[25.028457,55.726089],[25.044665,55.723666],[25.055087,55.721213],[25.064317,55.715555],[25.077828,55.718788],[25.08183,55.716407],[25.084633,55.717469],[25.086139,55.714],[25.093808,55.716526],[25.095299,55.715499],[25.085459,55.708954],[25.086356,55.704403],[25.092632,55.70679],[25.094361,55.703523],[25.091445,55.703316],[25.087436,55.699771],[25.099531,55.682341],[25.239325,55.71311],[25.238619,55.714295],[25.266181,55.717297],[25.281046,55.708694],[25.292906,55.703403],[25.300491,55.701754],[25.311117,55.71415],[25.303198,55.714867],[25.298293,55.717005],[25.295917,55.733104],[25.320787,55.737299],[25.332434,55.733913],[25.334083,55.732236],[25.342069,55.741994],[25.348655,55.747103],[25.353076,55.746463],[25.357364,55.749324],[25.359055,55.752676],[25.361322,55.753555],[25.359644,55.754884],[25.362579,55.755236],[25.361874,55.756859],[25.365908,55.757034],[25.364527,55.757538],[25.365268,55.758376],[25.363113,55.760207],[25.363466,55.761001],[25.365332,55.761648],[25.375786,55.759907],[25.390616,55.764124],[25.393134,55.759533],[25.395487,55.757597],[25.399504,55.759259],[25.399485,55.76106],[25.404056,55.762],[25.405165,55.761052],[25.403153,55.758227],[25.424068,55.751438],[25.424809,55.749972],[25.440573,55.739197],[25.464664,55.7314],[25.473321,55.742648],[25.503072,55.735654],[25.497594,55.730234],[25.495626,55.72605],[25.525618,55.71907],[25.528246,55.719891],[25.53706,55.718787],[25.543013,55.730958],[25.563238,55.728132],[25.5676,55.725624],[25.582567,55.721601],[25.590373,55.731237],[25.59336,55.738973],[25.600225,55.742751],[25.603578,55.741342],[25.604731,55.741993],[25.604445,55.743225],[25.606887,55.743083],[25.607442,55.741312],[25.604313,55.738973],[25.609395,55.737507],[25.609009,55.735911],[25.611682,55.734439],[25.613498,55.73464],[25.618498,55.737488],[25.624419,55.734794],[25.627602,55.73496],[25.64535,55.730422],[25.646157,55.731498],[25.648699,55.731248],[25.653229,55.733568],[25.657947,55.734411],[25.659916,55.735622],[25.658768,55.738198],[25.660436,55.739222],[25.666477,55.740632],[25.668858,55.740255],[25.669186,55.741502],[25.680453,55.74091],[25.681454,55.734945],[25.683181,55.733707],[25.683768,55.726235],[25.68509,55.725671],[25.682269,55.721618],[25.686253,55.714926],[25.701155,55.723248],[25.703916,55.726438],[25.712147,55.73085],[25.714651,55.73562],[25.718231,55.738417],[25.716755,55.739983],[25.717007,55.74138],[25.718505,55.741519],[25.724445,55.739623],[25.728691,55.744341],[25.727697,55.746875],[25.729246,55.748397],[25.729601,55.751579],[25.728291,55.757037],[25.721217,55.756292],[25.719109,55.757537],[25.72164,55.759485],[25.725831,55.75969],[25.727691,55.760584],[25.726419,55.764035],[25.731235,55.775447],[25.729576,55.777625],[25.730929,55.778777],[25.739063,55.779538],[25.744912,55.778927],[25.747225,55.777907],[25.746916,55.779654],[25.744868,55.779822],[25.745953,55.784004],[25.748222,55.7859],[25.752519,55.786453],[25.755444,55.785562],[25.754195,55.784913],[25.757709,55.783151],[25.76125,55.78273],[25.761829,55.781593],[25.769417,55.781487],[25.772595,55.778673],[25.779789,55.777464],[25.783948,55.778449],[25.789745,55.773743],[25.795091,55.773076],[25.800908,55.771311],[25.809752,55.77207],[25.81513,55.770801],[25.822533,55.773496],[25.824155,55.777602],[25.828753,55.782567],[25.828946,55.78925],[25.831914,55.78872],[25.8342,55.789275],[25.831366,55.790172],[25.831051,55.791591],[25.833646,55.792452],[25.838628,55.796867],[25.836761,55.801744],[25.832125,55.803415],[25.832226,55.805549],[25.835369,55.806199],[25.831205,55.810992],[25.824847,55.814565],[25.828814,55.816417],[25.831757,55.816234],[25.833404,55.815644],[25.832079,55.815265],[25.832712,55.813892],[25.836298,55.810837],[25.840902,55.812272],[25.84069,55.813348],[25.839105,55.813785],[25.837495,55.813232],[25.836492,55.813958],[25.836613,55.814614],[25.840526,55.815766],[25.842693,55.821771],[25.841029,55.826004],[25.842423,55.829423],[25.840063,55.835245],[25.844894,55.833664],[25.848411,55.834074],[25.857278,55.83198],[25.862145,55.827777],[25.867674,55.829176],[25.870802,55.826428],[25.867471,55.825214],[25.868629,55.823297],[25.866993,55.823783],[25.865513,55.822384],[25.871916,55.820827],[25.876234,55.821989],[25.877391,55.821524],[25.881709,55.8221],[25.882741,55.820295],[25.886192,55.820696],[25.89111,55.819248],[25.895276,55.819626],[25.8971,55.821209],[25.906727,55.82398],[25.907094,55.825001],[25.910853,55.825494],[25.91125,55.827194],[25.913916,55.827218],[25.914044,55.829276],[25.905705,55.828485],[25.90423,55.829538],[25.905434,55.830386],[25.904169,55.831529],[25.904997,55.834658],[25.906373,55.834509],[25.906958,55.83584],[25.906352,55.836708],[25.903623,55.837159],[25.89765,55.835128],[25.894003,55.83882],[25.896213,55.840784],[25.902916,55.842117],[25.902669,55.84311],[25.905115,55.844926],[25.904919,55.846435],[25.901795,55.848131],[25.904667,55.851309],[25.903332,55.855021],[25.903809,55.857555],[25.902135,55.860213],[25.903173,55.862362],[25.964461,55.867247],[25.966049,55.865207],[25.967609,55.868028],[25.967179,55.870778],[25.971138,55.869493],[25.97402,55.869755],[25.972068,55.871223],[25.97231,55.872165],[25.969064,55.872201],[25.967901,55.871071],[25.96415,55.872781],[25.96418,55.874582],[25.966677,55.875013],[25.964692,55.876284],[25.965624,55.877219],[25.972525,55.879379],[25.970194,55.88129],[25.97124,55.881752],[25.97073,55.882436],[25.975006,55.883926],[25.976744,55.88525],[25.976427,55.886155],[25.979072,55.885532],[25.984393,55.885743],[25.988048,55.889418],[25.981346,55.897466],[25.969892,55.906005],[25.964655,55.908366],[25.966387,55.910018],[25.970412,55.921827],[25.978234,55.92398],[25.999933,55.935161],[26.005978,55.942953],[26.013761,55.942257],[26.035488,55.944468],[26.045753,55.944521],[26.045951,55.954231],[26.010365,55.967015],[25.999954,55.962855],[25.995085,55.965277],[25.997399,55.966209],[25.991041,55.969265],[25.991462,55.97052],[25.989995,55.971191],[25.988689,55.973843],[25.986125,55.975155],[25.98016,55.975631],[25.979033,55.976639],[25.979979,55.978828],[25.976336,55.979492],[25.974394,55.981581],[25.966624,55.981895],[25.963213,55.983146],[25.961367,55.982728],[25.956117,55.9856],[25.945988,55.984578],[25.946199,55.985504],[25.944396,55.986088],[25.944819,55.987871],[25.900573,55.996926],[25.898553,55.999421],[25.892845,56.000814],[25.860289,55.999741],[25.848917,56.00824],[25.85968,56.014827],[25.858691,56.022525],[25.853531,56.026862],[25.854083,56.028328],[25.850351,56.030496],[25.840208,56.030282],[25.835207,56.032636],[25.828483,56.03968],[25.82809,56.041759],[25.824807,56.043931],[25.822467,56.050088],[25.820623,56.051441],[25.820083,56.054775],[25.801431,56.058666],[25.760763,56.063638],[25.751974,56.070574],[25.736707,56.076835],[25.724916,56.078344],[25.716892,56.081172],[25.7029,56.082077],[25.687857,56.086457],[25.688453,56.089758],[25.686086,56.091283],[25.687126,56.092958],[25.69555,56.094961],[25.697172,56.100008],[25.699426,56.101149],[25.693124,56.103796],[25.699605,56.11949],[25.676319,56.129926],[25.684556,56.144107],[25.673123,56.149367],[25.665381,56.143133],[25.6506,56.134931],[25.634063,56.134711],[25.623716,56.136093],[25.601989,56.134404],[25.565441,56.13993],[25.551308,56.161953],[25.53605,56.165407],[25.52233,56.162877],[25.509633,56.159091],[25.506984,56.154921],[25.504736,56.144542],[25.479763,56.142814],[25.454032,56.147064],[25.454959,56.152659],[25.431514,56.154394],[25.420811,56.145051],[25.419562,56.145185],[25.402574,56.14851],[25.404075,56.158216],[25.352922,56.153039],[25.337355,56.154172],[25.314861,56.144918],[25.313567,56.146138],[25.304163,56.149138],[25.297451,56.153611],[25.279689,56.158312],[25.279483,56.160761],[25.277246,56.161845],[25.270008,56.170614],[25.254525,56.173189],[25.249834,56.179818],[25.248602,56.184987],[25.238669,56.186668],[25.23374,56.192224],[25.227645,56.191737],[25.214604,56.187153],[25.19997,56.176284],[25.187441,56.176721],[25.184575,56.175979],[25.179389,56.176027],[25.174557,56.174448],[25.166406,56.173924],[25.161477,56.174731],[25.150218,56.174557],[25.142502,56.17999],[25.136672,56.179828],[25.13149,56.182234],[25.129972,56.182061],[25.126392,56.184],[25.12227,56.184848],[25.11815,56.184338],[25.110748,56.186038],[25.104781,56.18444],[25.0992,56.185327],[25.097194,56.184333],[25.096168,56.185651],[25.091984,56.186056],[25.089718,56.188428],[25.085942,56.196578],[25.084027,56.197118],[25.080435,56.19545],[25.076525,56.195034],[25.075413,56.196411],[25.077566,56.197916],[25.073681,56.202834],[25.075438,56.20548],[25.071653,56.20742],[25.070238,56.20992],[25.071585,56.215245],[25.075145,56.21833],[25.071583,56.222429],[25.068931,56.223775],[25.067964,56.226027],[25.063908,56.225956],[25.063008,56.226612],[25.063402,56.229187],[25.06564,56.230539],[25.068536,56.235101],[25.069007,56.23871],[25.0674,56.241694],[25.060152,56.2418],[25.060576,56.243666],[25.056853,56.244611],[25.063699,56.249718],[25.0623,56.25083],[25.057759,56.251753],[25.05605,56.255055],[25.059229,56.258101],[25.055126,56.261158],[25.056594,56.265697],[25.050504,56.267449],[25.047389,56.267367],[25.041919,56.268686],[25.041883,56.270238],[25.044119,56.271332],[25.041732,56.274139],[25.038029,56.274226],[25.033081,56.272258],[25.030796,56.273633],[25.027206,56.274217],[25.026985,56.275752],[25.022744,56.275837],[25.019114,56.276936],[25.018498,56.277821],[25.020133,56.278461],[25.019167,56.282385],[25.01412,56.283687],[25.013595,56.284948],[25.015997,56.291722],[25.009137,56.294891],[25.001909,56.294653],[24.996897,56.297739],[24.99259,56.298445],[24.986943,56.305858],[24.983535,56.307378],[24.979443,56.30801],[24.976886,56.309948],[24.97332,56.310244],[24.974207,56.317561],[24.970488,56.320142],[24.969252,56.323002],[24.970071,56.324582],[24.96797,56.327356],[24.971888,56.333163],[24.967376,56.335364],[24.967663,56.336097],[24.970513,56.336431],[24.970792,56.337557],[24.968699,56.33935],[24.968801,56.341068],[24.966601,56.343738],[24.968469,56.346684],[24.967927,56.349656],[24.96921,56.350469],[24.971865,56.350627],[24.972653,56.352304],[24.969909,56.354393],[24.969204,56.358074],[24.970717,56.36191],[24.969491,56.365285],[24.96378,56.368874],[24.960093,56.368019],[24.955241,56.370001],[24.953929,56.373455],[24.949958,56.377199],[24.943621,56.374787],[24.942296,56.375135],[24.943339,56.37788],[24.940023,56.380737],[24.938496,56.384666],[24.934459,56.3879],[24.935623,56.389758],[24.931562,56.392897],[24.930761,56.395415],[24.92664,56.398217],[24.926666,56.401046],[24.924845,56.40186],[24.924916,56.40278],[24.922355,56.403543],[24.918545,56.40184],[24.91369,56.403827],[24.915306,56.405785],[24.909214,56.40921],[24.908207,56.411644],[24.905367,56.413177],[24.906626,56.41572],[24.902054,56.418339],[24.903266,56.421517],[24.911262,56.425202],[24.912859,56.430408],[24.919281,56.434776],[24.918358,56.440681],[24.908778,56.442887],[24.907074,56.446404],[24.904673,56.447608],[24.900206,56.446898],[24.897056,56.448193],[24.895318,56.446864],[24.889848,56.446774],[24.887879,56.447416],[24.888457,56.449415],[24.886429,56.45029],[24.881595,56.450279],[24.878577,56.449453],[24.873192,56.449844],[24.867184,56.445861],[24.866777,56.44323],[24.864127,56.440734],[24.860232,56.439088],[24.857882,56.437012],[24.852719,56.436822],[24.851155,56.435828],[24.853457,56.433475],[24.851638,56.427537],[24.853591,56.42456],[24.857225,56.424203],[24.861842,56.421841],[24.861596,56.419691],[24.86341,56.417101],[24.861585,56.41574],[24.848241,56.413229],[24.840333,56.414353],[24.835072,56.412866],[24.834115,56.410563],[24.829726,56.411216],[24.824539,56.410625],[24.823332,56.411685],[24.824396,56.412874],[24.82392,56.415863],[24.822367,56.417958],[24.809122,56.421864],[24.80636,56.421858],[24.803891,56.420048],[24.800629,56.41988],[24.799437,56.418026],[24.800033,56.41722],[24.802869,56.417287],[24.805263,56.416271],[24.803465,56.414221],[24.803542,56.411718],[24.788326,56.405571],[24.786852,56.403059],[24.782061,56.401543],[24.776789,56.402707],[24.776814,56.40047],[24.77542,56.399496],[24.76573,56.402038],[24.764354,56.403973],[24.76223,56.404523],[24.759079,56.404425],[24.756337,56.403118],[24.748274,56.403521],[24.746523,56.401791],[24.74089,56.400437],[24.738246,56.401256],[24.733606,56.400557],[24.724933,56.402912],[24.715012,56.400677],[24.711578,56.400617],[24.708895,56.401305],[24.705659,56.403622],[24.701134,56.40362],[24.698814,56.396431],[24.702728,56.393074],[24.704577,56.387413],[24.699877,56.385076],[24.69463,56.379604],[24.687674,56.376325],[24.68418,56.376068],[24.676221,56.376998],[24.669621,56.376132],[24.661405,56.37658],[24.656557,56.375601],[24.650912,56.377576],[24.646776,56.37809],[24.64245,56.377548],[24.637946,56.375938],[24.630637,56.376154],[24.628761,56.375577],[24.627039,56.372899],[24.631139,56.36763],[24.623946,56.362067],[24.624391,56.358535],[24.628087,56.354581],[24.627236,56.34999],[24.623613,56.345851],[24.621493,56.345161],[24.616262,56.345301],[24.613425,56.344135],[24.607752,56.340192],[24.607876,56.336942],[24.605842,56.335411],[24.602072,56.334266],[24.5947,56.334556],[24.587982,56.332533],[24.582609,56.324694],[24.57675,56.323152],[24.575598,56.315602],[24.583327,56.305589],[24.579504,56.288244],[24.56474,56.289223],[24.536812,56.282892],[24.519241,56.281264],[24.483753,56.269474],[24.461744,56.266334],[24.460051,56.260142],[24.45415,56.258158],[24.423172,56.261058],[24.392146,56.27842],[24.38006,56.279133],[24.357744,56.27232],[24.353905,56.278564],[24.346962,56.285525],[24.345577,56.292419],[24.33992,56.295911],[24.329045,56.29938],[24.316319,56.301039],[24.295441,56.298457],[24.28574,56.300638],[24.284909,56.300305],[24.290133,56.285602],[24.269669,56.283185],[24.257635,56.276936],[24.240395,56.278032],[24.201045,56.26706],[24.176793,56.250885],[24.154912,56.253771],[24.151503,56.253297],[24.151151,56.246778],[24.152215,56.244924],[24.141845,56.244096],[24.129591,56.24452],[24.12291,56.24048],[24.122737,56.235901],[24.134956,56.23442],[24.135209,56.227258],[24.148371,56.224686],[24.148841,56.219266],[24.147623,56.215832],[24.131081,56.213015],[24.132339,56.203515],[24.137235,56.201814],[24.142467,56.203397],[24.169078,56.194993],[24.163047,56.186538],[24.158834,56.186948],[24.151145,56.174842],[24.152462,56.167307],[24.182323,56.171236],[24.180954,56.161501],[24.181901,56.159741],[24.172685,56.146248],[24.179088,56.142273],[24.174409,56.139386],[24.171145,56.132082],[24.178978,56.131592],[24.179819,56.128194],[24.175046,56.126395],[24.165474,56.125677],[24.165594,56.124999],[24.163565,56.124843],[24.164187,56.12359],[24.152146,56.122065],[24.137789,56.121028],[24.132714,56.123368],[24.128928,56.123332],[24.126129,56.116433],[24.128609,56.110307],[24.11607,56.109146],[24.120494,56.095224],[24.115854,56.09486],[24.102608,56.081954],[24.105274,56.079945],[24.104958,56.078181],[24.109118,56.076829],[24.104221,56.073974],[24.096248,56.073718],[24.094084,56.071854],[24.090377,56.071779],[24.088009,56.070515],[24.082652,56.070928],[24.073971,56.068989],[24.075317,56.049749],[24.070687,56.043871],[24.071108,56.039449],[24.069543,56.037506],[24.070467,56.035286],[24.069265,56.03166],[24.066182,56.030029],[24.065579,56.02772],[24.062535,56.02584],[24.054843,56.028929],[24.054602,56.03372],[24.047071,56.035734],[24.046109,56.034212],[24.04042,56.037793],[24.037456,56.021049],[24.042023,56.018049],[24.041542,56.015272],[24.042984,56.013077],[24.023195,55.999239],[24.030004,55.993006],[24.027852,55.988078],[24.027761,55.981398],[24.01398,55.964943],[24.015181,55.961939],[24.012537,55.961445],[24.019268,55.954762],[24.037055,55.958037],[24.035933,55.951846],[24.049506,55.954044],[24.056365,55.942344],[24.095399,55.942715],[24.096932,55.940125],[24.096043,55.927447],[24.093052,55.911978],[24.08611,55.906101],[24.082213,55.905733],[24.082992,55.898719],[24.07852,55.89865],[24.075608,55.895867],[24.076133,55.887889],[24.078627,55.885091],[24.083222,55.885809],[24.085324,55.876211],[24.061086,55.872917],[24.061837,55.86855],[24.060404,55.867439],[24.060177,55.865447],[24.03385,55.863306],[24.035529,55.850813],[24.003787,55.853698],[24.012132,55.844178],[24.014795,55.838236],[23.970956,55.841671],[23.961266,55.841341],[23.963062,55.836534],[23.960022,55.835588],[23.958519,55.83133],[23.959824,55.828121],[23.961078,55.827805],[23.966996,55.801762],[23.970226,55.797725],[23.975958,55.79816],[23.978358,55.789767],[23.981126,55.787565],[23.983913,55.782282],[23.9873,55.782079],[24.002625,55.786922],[24.011392,55.785994],[24.016065,55.783068],[24.019002,55.776665],[24.022203,55.774827],[24.027451,55.767216],[24.024976,55.76068],[24.018474,55.76172],[24.018045,55.757876],[24.012831,55.758303],[24.013425,55.753846],[24.015867,55.751468],[24.026981,55.753667],[24.029046,55.751458],[24.030226,55.751654],[24.030923,55.750429],[24.03217,55.750635],[24.031991,55.744496],[24.046531,55.745401],[24.040957,55.731942],[24.038713,55.731942],[24.038845,55.730716],[24.043202,55.729136],[24.042509,55.72304],[24.036832,55.724527],[24.032839,55.723598],[24.029934,55.71105],[24.04736,55.709841],[24.04604,55.705676],[24.062938,55.704486],[24.060074,55.697381],[24.06717,55.695916],[24.058631,55.68822],[24.031651,55.690917],[24.026411,55.68408],[24.027113,55.68301],[24.025586,55.681336],[24.019233,55.682359],[24.012344,55.672962],[24.013396,55.669626],[24.022443,55.666452],[24.023996,55.650532],[24.022406,55.647915],[24.027875,55.647089],[24.037857,55.63509],[24.032582,55.630958],[24.024411,55.63179],[24.018021,55.625787],[24.014927,55.627976],[23.982138,55.628517],[23.978508,55.625573],[23.972271,55.623057],[23.973591,55.616236],[23.93435,55.623914],[23.925043,55.626597],[23.922197,55.620315],[23.924619,55.619125],[23.923629,55.615379],[23.919273,55.612751],[23.918913,55.604417],[23.914941,55.6045],[23.914567,55.597134],[23.898684,55.573041],[23.89489,55.573791],[23.893252,55.572781],[23.889508,55.568467],[23.887351,55.562795],[23.879555,55.557817],[23.884766,55.556404],[23.893759,55.556381],[23.896853,55.560184],[23.908528,55.561327],[23.909023,55.563613],[23.914097,55.563917],[23.91682,55.56303],[23.915087,55.56149],[23.916036,55.552904],[23.91213,55.548025],[23.911251,55.540488],[23.915335,55.537313],[23.922142,55.535445],[23.940936,55.510106],[23.943315,55.51073],[23.946851,55.506027],[23.954674,55.507874],[23.957385,55.504225],[23.971723,55.508149],[23.971022,55.51205],[23.986905,55.515227],[23.990682,55.511345],[23.998332,55.512822],[24.002746,55.514597],[24.039847,55.479851],[24.0543,55.475589],[24.055838,55.471733],[24.055868,55.468909],[24.053858,55.4675],[24.055037,55.465218],[24.053913,55.463588],[24.049256,55.461267],[24.049512,55.460463],[24.052091,55.460156],[24.050228,55.456789],[24.045106,55.451998],[24.044665,55.449107],[24.039301,55.449334],[24.041248,55.446258],[24.038173,55.445134],[24.03838,55.443586],[24.052972,55.440345],[24.063173,55.439498],[24.091996,55.444184],[24.095556,55.45172],[24.12032,55.450281],[24.120126,55.438591],[24.123005,55.438553],[24.131916,55.435208],[24.150372,55.437767],[24.155906,55.443141],[24.162829,55.445007],[24.164266,55.448179],[24.162757,55.449108],[24.164275,55.451127],[24.172046,55.449208],[24.182507,55.447772],[24.19345,55.444668],[24.198506,55.450995],[24.200237,55.451171],[24.202859,55.466733],[24.20048,55.475251],[24.242955,55.466345],[24.240126,55.461764],[24.242864,55.453982],[24.255886,55.450288],[24.283725,55.445207],[24.301492,55.438669],[24.307885,55.440793],[24.310823,55.444788],[24.310989,55.445566],[24.308744,55.446014],[24.31035,55.453812],[24.316505,55.454031],[24.316241,55.449994],[24.313859,55.44861],[24.313889,55.447626],[24.315682,55.447559],[24.317377,55.445906],[24.339116,55.442227],[24.339562,55.442994],[24.346932,55.4426],[24.354782,55.437706],[24.357041,55.437888],[24.359845,55.440365],[24.363462,55.440714],[24.363721,55.436309],[24.365376,55.435407],[24.377028,55.43688],[24.384431,55.435325],[24.387927,55.430035],[24.392108,55.430152],[24.392519,55.427041],[24.389435,55.427041],[24.387839,55.425973],[24.383405,55.420621],[24.386422,55.419804],[24.384776,55.413969],[24.390328,55.411128],[24.393019,55.411738],[24.396108,55.411399],[24.397336,55.409447],[24.401196,55.409766],[24.40267,55.407076],[24.399652,55.406717],[24.396564,55.404964],[24.39935,55.397171],[24.398949,55.394668],[24.399981,55.393169],[24.410442,55.388557],[24.415345,55.387223],[24.420316,55.390713],[24.436258,55.391124],[24.451015,55.395329],[24.449998,55.399089],[24.454963,55.401945],[24.478045,55.400573],[24.478442,55.394936],[24.484918,55.395039],[24.488869,55.404471],[24.487917,55.406417],[24.55197,55.426032],[24.548178,55.430123],[24.545896,55.429449],[24.541115,55.434119],[24.543161,55.435727],[24.539206,55.439845],[24.538135,55.443561],[24.536828,55.443398],[24.535705,55.446039],[24.536548,55.446421],[24.535884,55.447551],[24.538285,55.448005],[24.536303,55.452253],[24.542105,55.452989],[24.534945,55.457678],[24.541727,55.460895],[24.549042,55.456212],[24.55575,55.459452],[24.567085,55.451978],[24.574336,55.454111],[24.59273,55.450718],[24.604255,55.450581],[24.604751,55.449596],[24.609418,55.451343],[24.629728,55.45503],[24.650244,55.460732],[24.648658,55.466934],[24.651877,55.470956],[24.647343,55.479334],[24.644724,55.487457],[24.64653,55.49622],[24.641525,55.499788],[24.638817,55.499434],[24.628893,55.510614],[24.636853,55.513337],[24.636568,55.510309],[24.642615,55.510501],[24.642398,55.515528],[24.655013,55.517785],[24.656477,55.522442],[24.65306,55.523985],[24.654892,55.526399],[24.667425,55.53577],[24.672573,55.54266],[24.674244,55.551929],[24.671109,55.55369],[24.668126,55.557136],[24.665047,55.557203],[24.663727,55.558022],[24.662912,55.560104],[24.664156,55.562828],[24.67039,55.564029],[24.669306,55.565358],[24.673115,55.564963],[24.674821,55.567827],[24.673018,55.56796],[24.674113,55.570217],[24.671924,55.573541],[24.6743,55.574235],[24.668552,55.5827],[24.677515,55.60071],[24.685012,55.603633],[24.725441,55.609153],[24.721545,55.617956],[24.722173,55.628022],[24.72092,55.63454],[24.706748,55.64461],[24.708771,55.647426],[24.703264,55.651249],[24.701067,55.650344],[24.697402,55.653887],[24.694269,55.654905],[24.686569,55.652298],[24.68511,55.649529],[24.681756,55.647913],[24.682674,55.647259],[24.678705,55.645588],[24.671556,55.646192],[24.668915,55.644553],[24.668424,55.643077],[24.666191,55.642699],[24.658814,55.647642],[24.662336,55.654157],[24.65641,55.65437],[24.654828,55.665322],[24.673355,55.667615],[24.674808,55.664948],[24.68948,55.665538],[24.690839,55.669309],[24.69491,55.671316],[24.698647,55.669681],[24.709046,55.67126],[24.702233,55.664715],[24.727638,55.655582],[24.731273,55.656516],[24.735866,55.662253],[24.73672,55.666813],[24.74093,55.6683],[24.743065,55.670628],[24.748316,55.670532],[24.751216,55.673181],[24.748279,55.674941],[24.740593,55.676558],[24.739399,55.680191],[24.718747,55.680917],[24.718162,55.683832],[24.71344,55.684589]]]}},{"type":"Feature","properties":{"display_name":"Šiaulių apskritis","feature_type":"county","suggested_code":"SA","county_code":"SA","city_code":"SM","iata_region":"SQQ","mc:scopes":"lt sqq sa","mc:region":"sa","mc:iata":"sqq","priority":1},"geometry":{"type":"Polygon","coordinates":[[[23.985635,56.330131],[23.983053,56.329554],[23.982886,56.330182],[23.915153,56.331117],[23.914004,56.333202],[23.914731,56.336903],[23.912623,56.33869],[23.828858,56.338081],[23.813579,56.342292],[23.803608,56.342111],[23.795223,56.339129],[23.785129,56.327141],[23.781478,56.320518],[23.780256,56.320702],[23.766577,56.323793],[23.767831,56.332895],[23.76214,56.333238],[23.762223,56.336696],[23.764931,56.338463],[23.765928,56.343007],[23.771833,56.350932],[23.772433,56.354509],[23.780307,56.360546],[23.780611,56.36771],[23.764795,56.373324],[23.758692,56.370714],[23.743309,56.36901],[23.723487,56.370257],[23.713293,56.369486],[23.704196,56.366247],[23.661357,56.364741],[23.65763,56.363071],[23.648784,56.362859],[23.630077,56.359934],[23.617873,56.355593],[23.616735,56.353502],[23.60268,56.349068],[23.582756,56.345446],[23.572427,56.338473],[23.561773,56.337162],[23.557171,56.333819],[23.544936,56.3321],[23.535103,56.33453],[23.510595,56.335802],[23.492579,56.34522],[23.481266,56.34769],[23.439044,56.351724],[23.418465,56.370504],[23.409821,56.371127],[23.387975,56.378923],[23.306452,56.383053],[23.307126,56.382039],[23.309054,56.381929],[23.308995,56.381225],[23.307355,56.381521],[23.304255,56.378464],[23.29835,56.377521],[23.294074,56.375084],[23.291736,56.375744],[23.289128,56.373885],[23.284783,56.373708],[23.282868,56.371901],[23.28152,56.372786],[23.279376,56.372025],[23.209663,56.369146],[23.177013,56.368595],[23.170412,56.366887],[23.181347,56.358397],[23.172421,56.354541],[23.176181,56.344717],[23.184195,56.342328],[23.18411,56.337416],[23.176534,56.333689],[23.14602,56.32677],[23.112409,56.312897],[23.11518,56.308061],[23.09325,56.304638],[23.085097,56.317441],[23.070422,56.324361],[23.045231,56.320038],[23.026941,56.331154],[23.02666,56.335397],[23.024082,56.34033],[23.015313,56.346088],[23.005102,56.36846],[23.018895,56.370616],[23.00225,56.406424],[22.977605,56.405695],[22.969172,56.413891],[22.941507,56.414854],[22.940229,56.414376],[22.940064,56.412228],[22.935704,56.410642],[22.935008,56.405793],[22.936978,56.404102],[22.936498,56.40263],[22.932336,56.400802],[22.921875,56.398798],[22.920529,56.39911],[22.92379,56.392172],[22.926453,56.392514],[22.928614,56.388107],[22.919174,56.379018],[22.907322,56.377221],[22.899698,56.37416],[22.883065,56.371485],[22.875455,56.371795],[22.866948,56.370856],[22.863084,56.369504],[22.857037,56.369352],[22.859239,56.367225],[22.85726,56.365972],[22.855821,56.366141],[22.855388,56.367124],[22.854222,56.366566],[22.849976,56.368339],[22.84644,56.367952],[22.845221,56.367207],[22.845843,56.366568],[22.838667,56.364942],[22.83839,56.366848],[22.836751,56.366485],[22.832379,56.367252],[22.830296,56.366501],[22.825835,56.367339],[22.820395,56.366875],[22.818182,56.365944],[22.816356,56.366756],[22.815675,56.365954],[22.809516,56.365933],[22.807852,56.367604],[22.797433,56.367401],[22.782953,56.368297],[22.771759,56.366615],[22.758317,56.367663],[22.751675,56.370338],[22.751694,56.371469],[22.749788,56.372222],[22.741239,56.372404],[22.741101,56.371902],[22.737117,56.372791],[22.733115,56.37196],[22.730062,56.373102],[22.729052,56.37177],[22.726107,56.371931],[22.724559,56.370084],[22.71857,56.368604],[22.714868,56.365671],[22.711405,56.365091],[22.706629,56.361823],[22.704766,56.357951],[22.697451,56.353212],[22.693009,56.353561],[22.691206,56.352818],[22.689834,56.353434],[22.687445,56.352354],[22.682343,56.352219],[22.681188,56.351583],[22.674187,56.353647],[22.670677,56.357108],[22.662882,56.359851],[22.661995,56.361835],[22.656105,56.362729],[22.653702,56.361861],[22.651174,56.36198],[22.647181,56.363063],[22.644624,56.362936],[22.644337,56.363781],[22.642827,56.363248],[22.639219,56.364469],[22.635163,56.367191],[22.62101,56.365642],[22.613494,56.358699],[22.603938,56.360063],[22.57073,56.362525],[22.570273,56.36165],[22.567722,56.361499],[22.571585,56.35181],[22.579959,56.344837],[22.578144,56.34078],[22.586422,56.339268],[22.588186,56.337009],[22.599599,56.335456],[22.599,56.333863],[22.599995,56.333806],[22.587547,56.313502],[22.58847,56.311629],[22.585613,56.308111],[22.584329,56.308321],[22.582986,56.304728],[22.581131,56.304861],[22.580969,56.304272],[22.570875,56.305104],[22.579933,56.299905],[22.58793,56.298621],[22.587758,56.294982],[22.593639,56.293032],[22.596433,56.294244],[22.603428,56.293482],[22.601719,56.288448],[22.59373,56.28767],[22.587873,56.288891],[22.579725,56.289073],[22.579236,56.284929],[22.584336,56.281893],[22.583985,56.27749],[22.592226,56.275519],[22.594098,56.271121],[22.593095,56.262104],[22.594493,56.257835],[22.596096,56.257321],[22.597882,56.253038],[22.601723,56.253755],[22.60193,56.252274],[22.605463,56.252196],[22.605381,56.253406],[22.610256,56.253752],[22.61452,56.256459],[22.614956,56.25216],[22.619005,56.250966],[22.619476,56.249022],[22.624584,56.248633],[22.623976,56.247563],[22.625226,56.247144],[22.628435,56.248838],[22.638478,56.249737],[22.646967,56.222385],[22.644134,56.222938],[22.643673,56.221913],[22.62781,56.222001],[22.624489,56.223121],[22.623591,56.22262],[22.618325,56.223816],[22.617191,56.22225],[22.617666,56.219821],[22.614108,56.217922],[22.616223,56.216173],[22.622016,56.214224],[22.627147,56.215362],[22.629752,56.214579],[22.626316,56.210245],[22.622664,56.209155],[22.621973,56.208195],[22.627609,56.207221],[22.631,56.205207],[22.629374,56.20469],[22.628965,56.203035],[22.625329,56.203712],[22.622834,56.20193],[22.621516,56.202021],[22.622157,56.201355],[22.620556,56.199774],[22.618297,56.199508],[22.620153,56.198317],[22.617768,56.197175],[22.61647,56.19771],[22.616024,56.196254],[22.621145,56.172516],[22.587782,56.170292],[22.580572,56.171444],[22.580263,56.169091],[22.578636,56.169296],[22.577871,56.168017],[22.575641,56.168336],[22.575647,56.166583],[22.570667,56.166615],[22.57003,56.164961],[22.557158,56.165312],[22.555792,56.162138],[22.536714,56.163574],[22.53629,56.160575],[22.531488,56.159902],[22.53151,56.158663],[22.534508,56.155955],[22.530027,56.153337],[22.534144,56.152931],[22.535969,56.151853],[22.540074,56.15275],[22.542629,56.151834],[22.548653,56.151451],[22.550848,56.149295],[22.553621,56.148912],[22.551049,56.147841],[22.55077,56.146835],[22.552101,56.145384],[22.555288,56.145263],[22.554181,56.143571],[22.558602,56.143742],[22.560511,56.143096],[22.560304,56.141962],[22.561733,56.141126],[22.566909,56.141144],[22.567943,56.138523],[22.572766,56.138387],[22.573112,56.136289],[22.577387,56.137058],[22.575689,56.134926],[22.577657,56.133874],[22.580891,56.134134],[22.580898,56.130957],[22.577312,56.130353],[22.578235,56.128673],[22.580488,56.12789],[22.580091,56.121733],[22.581781,56.120516],[22.588041,56.120047],[22.586195,56.1192],[22.585959,56.117983],[22.592171,56.116628],[22.588247,56.11496],[22.585198,56.114996],[22.586576,56.112663],[22.58313,56.110995],[22.585026,56.109342],[22.581706,56.108485],[22.581587,56.107015],[22.579474,56.105216],[22.584666,56.104413],[22.592898,56.100246],[22.590184,56.09827],[22.590756,56.096676],[22.587657,56.096179],[22.585179,56.096759],[22.578473,56.093542],[22.579984,56.09197],[22.578982,56.09071],[22.589574,56.089297],[22.58982,56.090069],[22.593562,56.089591],[22.593408,56.088753],[22.612682,56.085912],[22.616981,56.094972],[22.632857,56.092643],[22.637414,56.098952],[22.632189,56.10203],[22.637185,56.1066],[22.640763,56.103316],[22.644513,56.1077],[22.64763,56.106494],[22.647168,56.103908],[22.648868,56.102827],[22.654364,56.10574],[22.657738,56.105366],[22.662081,56.107413],[22.671083,56.109222],[22.672925,56.110657],[22.67815,56.109167],[22.681204,56.113869],[22.693404,56.112153],[22.702977,56.117227],[22.716444,56.109319],[22.720437,56.111473],[22.725446,56.108461],[22.721318,56.106368],[22.723352,56.105031],[22.715165,56.10396],[22.715434,56.08371],[22.720597,56.082334],[22.721149,56.078698],[22.730312,56.07559],[22.734017,56.075485],[22.737733,56.069317],[22.707881,56.064183],[22.705725,56.064806],[22.711805,56.050689],[22.707238,56.048545],[22.700377,56.046737],[22.687255,56.048024],[22.678381,56.053277],[22.669456,56.052386],[22.666234,56.052962],[22.663402,56.051008],[22.643649,56.047461],[22.643843,56.042771],[22.641053,56.034586],[22.634745,56.035545],[22.637329,56.037982],[22.630483,56.039408],[22.629578,56.041213],[22.626096,56.043162],[22.624202,56.043821],[22.621265,56.042683],[22.621032,56.034763],[22.624651,56.03405],[22.623229,56.031499],[22.634766,56.030113],[22.63428,56.028918],[22.636511,56.026898],[22.635833,56.025086],[22.631923,56.024293],[22.630724,56.024663],[22.630066,56.02356],[22.628068,56.023042],[22.627068,56.020276],[22.624664,56.020529],[22.621694,56.019205],[22.62411,56.016309],[22.627646,56.017058],[22.630083,56.016125],[22.623549,56.01007],[22.622757,56.00811],[22.619946,56.007369],[22.615684,56.007405],[22.614804,56.00605],[22.615252,56.004473],[22.620181,56.000481],[22.61172,55.995747],[22.613772,55.988655],[22.600817,55.988159],[22.598627,55.987535],[22.584392,55.978996],[22.596466,55.969789],[22.607635,55.96769],[22.606113,55.958077],[22.602921,55.95294],[22.605512,55.951335],[22.618232,55.948631],[22.626398,55.949658],[22.627977,55.950797],[22.632849,55.950574],[22.636275,55.951474],[22.640625,55.948883],[22.658543,55.951142],[22.64852,55.970952],[22.668665,55.970629],[22.682161,55.939522],[22.690324,55.940674],[22.692164,55.935931],[22.697143,55.932265],[22.711842,55.93035],[22.706459,55.926899],[22.701351,55.925445],[22.677101,55.922306],[22.685579,55.911485],[22.692653,55.911982],[22.694806,55.908395],[22.688748,55.906553],[22.690857,55.901977],[22.686923,55.901044],[22.688612,55.893094],[22.6819,55.893406],[22.663284,55.901911],[22.65956,55.90117],[22.653573,55.901826],[22.663631,55.879863],[22.662942,55.877282],[22.658216,55.876491],[22.657779,55.874416],[22.660095,55.873339],[22.659573,55.871089],[22.64387,55.870988],[22.646865,55.862807],[22.631622,55.860825],[22.632709,55.858625],[22.578518,55.863067],[22.569585,55.8586],[22.566858,55.856141],[22.560681,55.856162],[22.567643,55.850945],[22.581217,55.844504],[22.584378,55.811002],[22.567967,55.807437],[22.555406,55.802619],[22.544604,55.801215],[22.486412,55.788861],[22.497888,55.775599],[22.500436,55.774735],[22.500453,55.771924],[22.512012,55.760133],[22.517552,55.75888],[22.523721,55.756263],[22.523448,55.753884],[22.524532,55.752746],[22.509304,55.744954],[22.522735,55.739714],[22.519676,55.732628],[22.516142,55.731076],[22.519693,55.728628],[22.530078,55.71082],[22.530245,55.709291],[22.52445,55.704731],[22.527455,55.704659],[22.527336,55.699729],[22.529607,55.699161],[22.527659,55.695047],[22.516431,55.689815],[22.508467,55.690525],[22.502463,55.689364],[22.495274,55.692699],[22.481931,55.690836],[22.466274,55.679188],[22.466302,55.672948],[22.47777,55.660908],[22.478239,55.650761],[22.476228,55.63747],[22.480031,55.635603],[22.480065,55.634526],[22.483424,55.634432],[22.492032,55.632166],[22.494073,55.632268],[22.496163,55.634401],[22.499937,55.633539],[22.500053,55.631528],[22.506245,55.63013],[22.507761,55.627803],[22.505472,55.626473],[22.514975,55.622584],[22.508239,55.616558],[22.5064,55.612293],[22.507779,55.611556],[22.504565,55.609081],[22.508558,55.607336],[22.506943,55.605921],[22.507798,55.605094],[22.506645,55.604804],[22.50687,55.603306],[22.503546,55.600518],[22.505185,55.599856],[22.503441,55.599272],[22.504246,55.598437],[22.499882,55.597035],[22.500794,55.594145],[22.502996,55.593213],[22.502215,55.592406],[22.503932,55.591571],[22.50302,55.590348],[22.503972,55.589578],[22.50228,55.58947],[22.502485,55.58897],[22.526572,55.585406],[22.549181,55.563028],[22.560399,55.567947],[22.579145,55.568993],[22.5864,55.566197],[22.58392,55.559697],[22.580211,55.555793],[22.577275,55.54768],[22.577864,55.546783],[22.579989,55.546704],[22.580988,55.547634],[22.584067,55.547308],[22.582946,55.546687],[22.583383,55.545543],[22.584477,55.545595],[22.583331,55.545068],[22.584985,55.544754],[22.584921,55.544142],[22.587319,55.544167],[22.587047,55.543188],[22.58542,55.543108],[22.586966,55.542504],[22.588088,55.54327],[22.588918,55.542955],[22.586053,55.541794],[22.590442,55.540062],[22.590862,55.538755],[22.593,55.538977],[22.593744,55.537794],[22.595548,55.538215],[22.595587,55.535216],[22.594221,55.53376],[22.597243,55.532962],[22.597971,55.530823],[22.599483,55.530541],[22.600064,55.52944],[22.604709,55.528806],[22.606045,55.527981],[22.604625,55.526576],[22.605942,55.525139],[22.604579,55.523704],[22.616499,55.522196],[22.616955,55.521405],[22.618226,55.521663],[22.619605,55.52083],[22.620482,55.52165],[22.622159,55.51963],[22.624015,55.519247],[22.623304,55.517248],[22.62491,55.516844],[22.622596,55.51534],[22.626659,55.514237],[22.625358,55.513954],[22.626745,55.51232],[22.625557,55.511824],[22.628629,55.510767],[22.635103,55.510537],[22.636366,55.511182],[22.637066,55.510275],[22.635773,55.507809],[22.64011,55.505342],[22.642793,55.506331],[22.643031,55.504608],[22.641602,55.50455],[22.639236,55.502349],[22.640548,55.501535],[22.639867,55.500168],[22.647543,55.499702],[22.649524,55.498306],[22.647957,55.497704],[22.650111,55.49637],[22.649539,55.494696],[22.647031,55.492849],[22.643598,55.493176],[22.643269,55.491932],[22.640933,55.491058],[22.635966,55.492852],[22.632727,55.492094],[22.632435,55.491156],[22.633655,55.49123],[22.634279,55.490329],[22.631156,55.488821],[22.627482,55.488163],[22.626384,55.4897],[22.625253,55.488033],[22.623508,55.488572],[22.621807,55.485147],[22.624223,55.48489],[22.626291,55.483646],[22.621409,55.480997],[22.624439,55.477619],[22.625976,55.477594],[22.626248,55.476719],[22.63727,55.477153],[22.677183,55.471276],[22.67744,55.47276],[22.675502,55.473861],[22.676146,55.474962],[22.681457,55.476677],[22.684305,55.47868],[22.68519,55.480592],[22.699897,55.489651],[22.710696,55.484571],[22.755166,55.51443],[22.76644,55.507809],[22.77863,55.503356],[22.787747,55.5055],[22.792768,55.503604],[22.81002,55.505062],[22.852883,55.503511],[22.848089,55.486537],[22.832508,55.474312],[22.836907,55.467968],[22.844493,55.464801],[22.862471,55.467518],[22.893534,55.464442],[22.908769,55.469538],[22.935181,55.485272],[22.95825,55.48745],[22.976639,55.490872],[22.988473,55.492234],[22.993612,55.491304],[22.998172,55.491659],[23.000543,55.488902],[23.004599,55.491219],[23.003826,55.494416],[23.00271,55.494416],[23.004921,55.496445],[23.008783,55.497005],[23.011433,55.493777],[23.013128,55.493942],[23.017709,55.496263],[23.027945,55.499119],[23.031274,55.502261],[23.032365,55.502049],[23.036613,55.510117],[23.041034,55.510713],[23.041334,55.507602],[23.043115,55.50759],[23.049686,55.500347],[23.053908,55.501587],[23.057041,55.498123],[23.064299,55.500274],[23.061045,55.503706],[23.056148,55.513701],[23.057008,55.515669],[23.063458,55.513623],[23.063264,55.50712],[23.078144,55.501626],[23.080698,55.503067],[23.078413,55.504512],[23.079175,55.507127],[23.081531,55.508073],[23.082883,55.51053],[23.085482,55.509918],[23.085704,55.511488],[23.081225,55.512276],[23.080176,55.513889],[23.079375,55.519456],[23.081694,55.51902],[23.082958,55.520901],[23.081694,55.520534],[23.078603,55.522162],[23.080258,55.523101],[23.079529,55.524467],[23.077807,55.524961],[23.079029,55.525605],[23.077519,55.5272],[23.079009,55.528378],[23.078231,55.531965],[23.079055,55.533014],[23.075583,55.533988],[23.074461,55.533281],[23.072985,55.533876],[23.073317,55.536034],[23.075141,55.535351],[23.076171,55.535987],[23.075326,55.53759],[23.07609,55.538925],[23.074495,55.540138],[23.074844,55.540762],[23.083208,55.541501],[23.087604,55.540585],[23.096024,55.541527],[23.094195,55.553805],[23.102424,55.554619],[23.100948,55.559503],[23.098879,55.559438],[23.097397,55.564629],[23.103095,55.565704],[23.104989,55.567171],[23.109777,55.567166],[23.11887,55.568503],[23.121814,55.560727],[23.130009,55.560543],[23.127309,55.556067],[23.138925,55.555632],[23.138642,55.556529],[23.172833,55.558971],[23.187445,55.559001],[23.191457,55.56188],[23.204867,55.566213],[23.208257,55.564179],[23.215719,55.565539],[23.217942,55.5685],[23.219826,55.569213],[23.223121,55.574828],[23.229382,55.576743],[23.232547,55.572517],[23.225901,55.563366],[23.229267,55.563164],[23.229091,55.5623],[23.233863,55.558391],[23.231893,55.55639],[23.235699,55.552344],[23.235529,55.550187],[23.239632,55.546394],[23.237632,55.545292],[23.240766,55.534869],[23.243128,55.531925],[23.255491,55.532871],[23.258004,55.528646],[23.257895,55.526278],[23.261019,55.526706],[23.271978,55.532274],[23.276387,55.533243],[23.276809,55.535477],[23.272632,55.541928],[23.27396,55.542343],[23.275898,55.5415],[23.278451,55.542741],[23.281409,55.542641],[23.282834,55.538523],[23.280241,55.53703],[23.283001,55.536855],[23.285167,55.53548],[23.288922,55.53575],[23.294702,55.539083],[23.298446,55.539396],[23.301507,55.541291],[23.329891,55.550618],[23.339596,55.544993],[23.344456,55.545073],[23.346032,55.541616],[23.355564,55.541157],[23.366428,55.538675],[23.391042,55.528072],[23.401491,55.520748],[23.400705,55.511393],[23.41688,55.50872],[23.420426,55.505917],[23.459679,55.496954],[23.455758,55.496472],[23.453943,55.494276],[23.455159,55.492048],[23.457445,55.492607],[23.467042,55.487028],[23.477159,55.487455],[23.474513,55.495346],[23.478695,55.496237],[23.483137,55.495538],[23.484474,55.498267],[23.485312,55.506352],[23.478153,55.512218],[23.478161,55.519988],[23.508434,55.518888],[23.508392,55.520735],[23.52769,55.522033],[23.528444,55.523346],[23.537044,55.523018],[23.540377,55.521705],[23.539797,55.52083],[23.542019,55.519381],[23.541198,55.517029],[23.544242,55.513254],[23.546271,55.513473],[23.5483,55.512461],[23.555369,55.51261],[23.556309,55.514771],[23.569241,55.510221],[23.568227,55.508264],[23.573012,55.508243],[23.573168,55.505688],[23.570241,55.505461],[23.57065,55.503357],[23.567788,55.495503],[23.563907,55.492885],[23.563625,55.490466],[23.560825,55.488379],[23.564322,55.480592],[23.569668,55.477117],[23.571728,55.472885],[23.597248,55.474032],[23.610739,55.47593],[23.617739,55.471448],[23.656288,55.469098],[23.65876,55.472262],[23.658714,55.476426],[23.664025,55.47671],[23.664674,55.477273],[23.663224,55.482457],[23.65722,55.48238],[23.656074,55.485208],[23.662534,55.489286],[23.670838,55.492313],[23.674679,55.492568],[23.684044,55.502441],[23.693459,55.503762],[23.735269,55.512226],[23.729588,55.519305],[23.812812,55.538891],[23.811282,55.541384],[23.833099,55.547704],[23.852876,55.54749],[23.879555,55.557817],[23.887351,55.562795],[23.889508,55.568467],[23.893252,55.572781],[23.89489,55.573791],[23.898684,55.573041],[23.914567,55.597134],[23.914941,55.6045],[23.918913,55.604417],[23.919273,55.612751],[23.923629,55.615379],[23.924619,55.619125],[23.922197,55.620315],[23.925043,55.626597],[23.93435,55.623914],[23.973591,55.616236],[23.972271,55.623057],[23.978508,55.625573],[23.982138,55.628517],[24.014927,55.627976],[24.018021,55.625787],[24.024411,55.63179],[24.032582,55.630958],[24.037857,55.63509],[24.027875,55.647089],[24.022406,55.647915],[24.023996,55.650532],[24.022443,55.666452],[24.013396,55.669626],[24.012344,55.672962],[24.019233,55.682359],[24.025586,55.681336],[24.027113,55.68301],[24.026411,55.68408],[24.031651,55.690917],[24.058631,55.68822],[24.06717,55.695916],[24.060074,55.697381],[24.062938,55.704486],[24.04604,55.705676],[24.04736,55.709841],[24.029934,55.71105],[24.032839,55.723598],[24.036832,55.724527],[24.042509,55.72304],[24.043202,55.729136],[24.038845,55.730716],[24.038713,55.731942],[24.040957,55.731942],[24.046531,55.745401],[24.031991,55.744496],[24.03217,55.750635],[24.030923,55.750429],[24.030226,55.751654],[24.029046,55.751458],[24.026981,55.753667],[24.015867,55.751468],[24.013425,55.753846],[24.012831,55.758303],[24.018045,55.757876],[24.018474,55.76172],[24.024976,55.76068],[24.027451,55.767216],[24.022203,55.774827],[24.019002,55.776665],[24.016065,55.783068],[24.011392,55.785994],[24.002625,55.786922],[23.9873,55.782079],[23.983913,55.782282],[23.981126,55.787565],[23.978358,55.789767],[23.975958,55.79816],[23.970226,55.797725],[23.966996,55.801762],[23.961078,55.827805],[23.959824,55.828121],[23.958519,55.83133],[23.960022,55.835588],[23.963062,55.836534],[23.961266,55.841341],[23.970956,55.841671],[24.014795,55.838236],[24.012132,55.844178],[24.003787,55.853698],[24.035529,55.850813],[24.03385,55.863306],[24.060177,55.865447],[24.060404,55.867439],[24.061837,55.86855],[24.061086,55.872917],[24.085324,55.876211],[24.083222,55.885809],[24.078627,55.885091],[24.076133,55.887889],[24.075608,55.895867],[24.07852,55.89865],[24.082992,55.898719],[24.082213,55.905733],[24.08611,55.906101],[24.093052,55.911978],[24.096043,55.927447],[24.096794,55.940429],[24.095399,55.942715],[24.056365,55.942344],[24.049506,55.954044],[24.035933,55.951846],[24.037055,55.958037],[24.019268,55.954762],[24.012537,55.961445],[24.015181,55.961939],[24.01398,55.964943],[24.027761,55.981398],[24.027852,55.988078],[24.030004,55.993006],[24.023195,55.999239],[24.042984,56.013077],[24.041542,56.015272],[24.042023,56.018049],[24.037456,56.021049],[24.04042,56.037793],[24.046109,56.034212],[24.047071,56.035734],[24.054602,56.03372],[24.054843,56.028929],[24.062535,56.02584],[24.065579,56.02772],[24.066182,56.030029],[24.069265,56.03166],[24.070467,56.035286],[24.069543,56.037506],[24.071108,56.039449],[24.070687,56.043871],[24.075317,56.049749],[24.073971,56.068989],[24.082652,56.070928],[24.088009,56.070515],[24.090377,56.071779],[24.094084,56.071854],[24.096248,56.073718],[24.104221,56.073974],[24.109118,56.076829],[24.104958,56.078181],[24.105274,56.079945],[24.102608,56.081954],[24.115854,56.09486],[24.120494,56.095224],[24.11607,56.109146],[24.128609,56.110307],[24.126129,56.116433],[24.128928,56.123332],[24.132714,56.123368],[24.137789,56.121028],[24.152146,56.122065],[24.164187,56.12359],[24.163565,56.124843],[24.165594,56.124999],[24.165474,56.125677],[24.175046,56.126395],[24.179819,56.128194],[24.178978,56.131592],[24.171145,56.132082],[24.174409,56.139386],[24.179088,56.142273],[24.172685,56.146248],[24.181901,56.159741],[24.180954,56.161501],[24.182323,56.171236],[24.152462,56.167307],[24.151145,56.174842],[24.158834,56.186948],[24.163047,56.186538],[24.169078,56.194993],[24.142467,56.203397],[24.137235,56.201814],[24.132339,56.203515],[24.131081,56.213015],[24.147623,56.215832],[24.148841,56.219266],[24.148371,56.224686],[24.135209,56.227258],[24.134956,56.23442],[24.122737,56.235901],[24.12291,56.24048],[24.129591,56.24452],[24.141845,56.244096],[24.152215,56.244924],[24.151151,56.246778],[24.151503,56.253297],[24.121463,56.248898],[24.1146,56.250913],[24.115295,56.253738],[24.118728,56.256803],[24.117578,56.258686],[24.1189,56.261756],[24.102178,56.267186],[24.096224,56.271061],[24.097829,56.277265],[24.046005,56.279661],[24.04924,56.299341],[24.022631,56.310708],[24.018997,56.329761],[23.985635,56.330131]]]}},{"type":"Feature","properties":{"display_name":"Tauragės apskritis","feature_type":"county","suggested_code":"TA","county_code":"TA","city_code":"TM","iata_region":"PLQ","mc:scopes":"lt plq ta","mc:region":"ta","mc:iata":"plq","priority":1},"geometry":{"type":"Polygon","coordinates":[[[21.850461,55.499313],[21.867034,55.465916],[21.864568,55.46519],[21.871998,55.423173],[21.919539,55.436124],[21.971348,55.422903],[22.000273,55.424419],[22.002959,55.407279],[22.010153,55.407645],[22.009964,55.410154],[22.015076,55.412933],[22.018634,55.412308],[22.022198,55.409657],[22.019709,55.401845],[22.01172,55.399504],[22.010209,55.398377],[22.014975,55.39622],[22.018901,55.396049],[22.022356,55.393884],[22.024763,55.393667],[22.02102,55.389387],[22.020211,55.384891],[22.018036,55.384343],[22.013387,55.380642],[22.01112,55.374423],[22.009498,55.373389],[21.99859,55.354421],[21.993162,55.354896],[21.989176,55.349936],[21.974519,55.343958],[21.975729,55.342863],[21.97184,55.342958],[21.966389,55.340356],[21.95906,55.340695],[21.955009,55.339125],[21.952896,55.339268],[21.952267,55.32965],[21.951062,55.327199],[21.943468,55.323365],[21.944026,55.321931],[21.939487,55.321484],[21.933794,55.318383],[21.896269,55.288123],[21.888012,55.291585],[21.884402,55.296548],[21.872184,55.293961],[21.872978,55.29121],[21.866769,55.287706],[21.863649,55.283667],[21.864005,55.282783],[21.855999,55.278962],[21.85429,55.277378],[21.849544,55.269916],[21.851638,55.267014],[21.857896,55.262272],[21.857466,55.259398],[21.861529,55.249643],[21.865632,55.246105],[21.868535,55.246299],[21.882562,55.238322],[21.87695,55.235585],[21.87444,55.23286],[21.877148,55.229836],[21.872918,55.221089],[21.87235,55.215893],[21.866363,55.203186],[21.825809,55.211629],[21.812319,55.213372],[21.819547,55.219623],[21.808672,55.224486],[21.802597,55.225329],[21.791769,55.229602],[21.788405,55.230047],[21.786969,55.227236],[21.7792,55.224587],[21.779382,55.224034],[21.766052,55.229149],[21.765003,55.227226],[21.748324,55.228527],[21.735277,55.225985],[21.730339,55.222305],[21.737975,55.216612],[21.735274,55.215468],[21.733423,55.215673],[21.730334,55.212458],[21.726877,55.212623],[21.724096,55.21163],[21.7206,55.211616],[21.72078,55.211064],[21.700644,55.212296],[21.701744,55.210599],[21.690654,55.211754],[21.690554,55.20505],[21.681481,55.199144],[21.680016,55.200319],[21.674525,55.200518],[21.670436,55.199569],[21.666776,55.199698],[21.661255,55.187607],[21.666194,55.186973],[21.667158,55.184589],[21.668885,55.183904],[21.668781,55.181704],[21.661897,55.181124],[21.655101,55.182169],[21.650146,55.182084],[21.651218,55.181495],[21.649974,55.180571],[21.655321,55.178202],[21.669967,55.167903],[21.685949,55.16367],[21.709841,55.151287],[21.715931,55.146064],[21.717,55.137221],[21.721197,55.133618],[21.724576,55.13253],[21.743102,55.129675],[21.760854,55.123177],[21.777909,55.11942],[21.784416,55.11875],[21.805135,55.120149],[21.816272,55.118684],[21.823407,55.115319],[21.844378,55.099802],[21.850668,55.096665],[21.878441,55.093851],[21.913067,55.081684],[21.932094,55.078335],[21.951065,55.076726],[21.963958,55.073857],[21.970669,55.075508],[21.98354,55.083907],[21.997757,55.086735],[22.012142,55.086904],[22.030071,55.084583],[22.035273,55.083121],[22.039383,55.08058],[22.040485,55.076784],[22.039681,55.068988],[22.032799,55.060476],[22.030836,55.055355],[22.031439,55.051652],[22.035092,55.045191],[22.0403,55.039042],[22.047653,55.033938],[22.05667,55.030263],[22.072708,55.025564],[22.079553,55.024526],[22.100244,55.024149],[22.119927,55.027537],[22.125607,55.031562],[22.128499,55.036056],[22.130788,55.043001],[22.13367,55.04642],[22.138427,55.048804],[22.157392,55.055471],[22.162418,55.055813],[22.185697,55.053678],[22.194958,55.054871],[22.2181,55.060345],[22.252791,55.061532],[22.286931,55.064732],[22.295276,55.064508],[22.31568,55.061873],[22.348301,55.061627],[22.39458,55.053297],[22.417272,55.05425],[22.425431,55.053961],[22.434957,55.052065],[22.457093,55.045048],[22.466124,55.044434],[22.477261,55.04509],[22.491236,55.047693],[22.545168,55.065267],[22.573821,55.069699],[22.587207,55.070484],[22.591764,55.06984],[22.603372,55.065249],[22.61894,55.06124],[22.628349,55.055495],[22.635288,55.052463],[22.647501,55.049378],[22.659978,55.048857],[22.671919,55.050603],[22.690029,55.055028],[22.714458,55.058342],[22.730664,55.058237],[22.741055,55.059166],[22.751465,55.06235],[22.776461,55.075499],[22.784547,55.076713],[22.803983,55.074757],[22.811484,55.075182],[22.822698,55.078682],[22.837447,55.085104],[22.852291,55.088308],[22.876775,55.089359],[22.883143,55.088135],[22.896767,55.083868],[22.901421,55.083241],[22.939027,55.082734],[22.945549,55.08341],[22.963169,55.087078],[22.979556,55.093116],[23.009276,55.10041],[23.026741,55.102866],[23.055333,55.105133],[23.071057,55.103231],[23.082554,55.100306],[23.10045,55.097031],[23.121459,55.091299],[23.132898,55.089595],[23.152298,55.088791],[23.174925,55.089655],[23.184518,55.088826],[23.198018,55.086916],[23.214905,55.082126],[23.229665,55.079212],[23.256469,55.077937],[23.274581,55.075413],[23.301118,55.070083],[23.322676,55.067181],[23.339413,55.066813],[23.356603,55.068904],[23.375119,55.073527],[23.386438,55.075044],[23.395118,55.075044],[23.412358,55.073543],[23.421448,55.077747],[23.423573,55.07978],[23.428801,55.081021],[23.431703,55.08398],[23.439766,55.083316],[23.441801,55.086416],[23.441246,55.09064],[23.445309,55.094952],[23.448745,55.095756],[23.449461,55.099531],[23.454004,55.104202],[23.460872,55.108162],[23.462924,55.111685],[23.468378,55.111428],[23.471556,55.112843],[23.474243,55.116691],[23.473499,55.120803],[23.480356,55.124286],[23.480448,55.128008],[23.478859,55.129849],[23.481112,55.135717],[23.479545,55.140125],[23.483497,55.145607],[23.478273,55.146717],[23.477482,55.14846],[23.481831,55.152231],[23.478998,55.155542],[23.480726,55.163854],[23.484204,55.167207],[23.482182,55.168706],[23.486811,55.171268],[23.48854,55.174521],[23.488279,55.176419],[23.492379,55.180607],[23.49268,55.184216],[23.494763,55.186704],[23.504408,55.193409],[23.441326,55.208374],[23.442149,55.210834],[23.438866,55.215146],[23.430404,55.21392],[23.411426,55.208902],[23.40746,55.205067],[23.394558,55.214881],[23.385925,55.210979],[23.377474,55.210976],[23.376141,55.209753],[23.360476,55.214787],[23.363088,55.219962],[23.36246,55.22288],[23.364487,55.223923],[23.358516,55.237171],[23.355987,55.237957],[23.356811,55.239256],[23.334348,55.23983],[23.327481,55.239006],[23.321182,55.239189],[23.301331,55.236421],[23.30099,55.237737],[23.297957,55.238175],[23.293972,55.230219],[23.279972,55.229581],[23.271365,55.23037],[23.262725,55.233396],[23.259966,55.232321],[23.237967,55.234158],[23.234603,55.231014],[23.211294,55.230034],[23.209949,55.23653],[23.201961,55.235961],[23.202428,55.234305],[23.192049,55.232762],[23.18194,55.232548],[23.180374,55.241841],[23.184931,55.245496],[23.184899,55.25027],[23.184259,55.252207],[23.181368,55.252997],[23.184016,55.25345],[23.179908,55.269002],[23.168797,55.265106],[23.162382,55.268224],[23.154462,55.268492],[23.141335,55.261074],[23.13378,55.259634],[23.123486,55.259328],[23.123687,55.258637],[23.119922,55.257464],[23.102546,55.255499],[23.098636,55.260078],[23.08203,55.263848],[23.071501,55.262735],[23.065057,55.249643],[23.059128,55.251377],[23.00932,55.254104],[23.007393,55.254863],[23.002893,55.252533],[22.996402,55.253439],[23.023563,55.275142],[23.005681,55.280503],[22.973539,55.287324],[22.978026,55.300427],[22.977886,55.302887],[22.979401,55.303531],[22.980985,55.314121],[22.970846,55.31284],[22.944791,55.312489],[22.936961,55.322568],[22.929728,55.320534],[22.935401,55.311609],[22.927552,55.310976],[22.924545,55.309683],[22.92289,55.312494],[22.901886,55.309513],[22.900682,55.299636],[22.895446,55.297569],[22.887401,55.298943],[22.879483,55.299027],[22.874831,55.295003],[22.877614,55.290707],[22.877352,55.288654],[22.873764,55.287064],[22.866941,55.285927],[22.863834,55.286107],[22.870185,55.293928],[22.872976,55.302004],[22.865071,55.29814],[22.865423,55.299731],[22.868585,55.301649],[22.864928,55.306627],[22.857562,55.308721],[22.858302,55.311497],[22.860988,55.311673],[22.857246,55.313242],[22.850441,55.312973],[22.842677,55.315113],[22.841994,55.32471],[22.827481,55.325011],[22.827587,55.321508],[22.818417,55.321845],[22.81235,55.322619],[22.812416,55.325231],[22.809635,55.325211],[22.810198,55.329975],[22.790059,55.330323],[22.7933,55.334226],[22.791846,55.335744],[22.793769,55.335978],[22.795805,55.338884],[22.793133,55.340588],[22.794209,55.341491],[22.79514,55.340716],[22.795781,55.341212],[22.795968,55.342652],[22.794788,55.342766],[22.799348,55.342398],[22.797527,55.343898],[22.801384,55.344682],[22.802585,55.344448],[22.803637,55.342133],[22.807494,55.343457],[22.806491,55.345345],[22.807901,55.347194],[22.810487,55.347044],[22.812644,55.348395],[22.811303,55.349623],[22.812253,55.350099],[22.810399,55.350385],[22.807617,55.353836],[22.81216,55.356884],[22.811777,55.358263],[22.808586,55.358649],[22.808258,55.359685],[22.81001,55.359813],[22.814105,55.362359],[22.811868,55.365744],[22.813422,55.367817],[22.81101,55.369358],[22.807555,55.368655],[22.807588,55.369425],[22.804973,55.36982],[22.803417,55.371164],[22.805433,55.375425],[22.802435,55.376556],[22.80313,55.378004],[22.79949,55.378223],[22.797795,55.380409],[22.793921,55.380685],[22.792385,55.381467],[22.773076,55.380095],[22.762235,55.376024],[22.75623,55.383288],[22.753378,55.390006],[22.733481,55.388541],[22.730232,55.398925],[22.732224,55.404654],[22.739419,55.406565],[22.741553,55.410647],[22.741271,55.422151],[22.732735,55.425576],[22.729264,55.423762],[22.723408,55.425524],[22.71934,55.420197],[22.69569,55.415369],[22.689695,55.427625],[22.68694,55.447764],[22.670035,55.457727],[22.683957,55.467439],[22.673017,55.471933],[22.63727,55.477153],[22.626248,55.476719],[22.622452,55.479403],[22.62149,55.481293],[22.626291,55.483646],[22.624223,55.48489],[22.621807,55.485147],[22.623508,55.488572],[22.625253,55.488033],[22.626384,55.4897],[22.627482,55.488163],[22.631156,55.488821],[22.634279,55.490329],[22.633655,55.49123],[22.632435,55.491156],[22.632727,55.492094],[22.635966,55.492852],[22.640406,55.490991],[22.643269,55.491932],[22.643781,55.493234],[22.647031,55.492849],[22.649539,55.494696],[22.650111,55.49637],[22.647957,55.497704],[22.649524,55.498306],[22.647225,55.499795],[22.63995,55.500032],[22.640548,55.501535],[22.639236,55.502349],[22.641602,55.50455],[22.643031,55.504608],[22.642793,55.506331],[22.64011,55.505342],[22.635773,55.507809],[22.637066,55.510275],[22.636366,55.511182],[22.635103,55.510537],[22.628629,55.510767],[22.625557,55.511824],[22.626745,55.51232],[22.625358,55.513954],[22.626659,55.514237],[22.622596,55.51534],[22.62491,55.516844],[22.623304,55.517248],[22.624015,55.519247],[22.622159,55.51963],[22.620482,55.52165],[22.619605,55.52083],[22.618226,55.521663],[22.616955,55.521405],[22.616499,55.522196],[22.604579,55.523704],[22.605942,55.525139],[22.604625,55.526576],[22.606045,55.527981],[22.604709,55.528806],[22.600064,55.52944],[22.599483,55.530541],[22.597971,55.530823],[22.597243,55.532962],[22.594221,55.53376],[22.595587,55.535216],[22.595548,55.538215],[22.593744,55.537794],[22.593,55.538977],[22.590862,55.538755],[22.590442,55.540062],[22.586053,55.541794],[22.588918,55.542955],[22.588088,55.54327],[22.586966,55.542504],[22.58542,55.543108],[22.587047,55.543188],[22.587319,55.544167],[22.584921,55.544142],[22.584985,55.544754],[22.583331,55.545068],[22.584477,55.545595],[22.583383,55.545543],[22.582946,55.546687],[22.584067,55.547308],[22.580988,55.547634],[22.579989,55.546704],[22.577864,55.546783],[22.577275,55.54768],[22.580211,55.555793],[22.58392,55.559697],[22.5864,55.566197],[22.579145,55.568993],[22.560399,55.567947],[22.549181,55.563028],[22.526572,55.585406],[22.502485,55.58897],[22.50228,55.58947],[22.503972,55.589578],[22.50302,55.590348],[22.503932,55.591571],[22.502215,55.592406],[22.502996,55.593213],[22.500794,55.594145],[22.499882,55.597035],[22.504246,55.598437],[22.503441,55.599272],[22.505185,55.599856],[22.503546,55.600518],[22.50687,55.603306],[22.506645,55.604804],[22.507798,55.605094],[22.506943,55.605921],[22.508558,55.607336],[22.504565,55.609081],[22.507779,55.611556],[22.5064,55.612293],[22.508239,55.616558],[22.514975,55.622584],[22.505472,55.626473],[22.507761,55.627803],[22.506245,55.63013],[22.500053,55.631528],[22.499937,55.633539],[22.496163,55.634401],[22.494073,55.632268],[22.492032,55.632166],[22.483424,55.634432],[22.480065,55.634526],[22.480031,55.635603],[22.477039,55.636572],[22.476228,55.63747],[22.478239,55.650761],[22.47777,55.660908],[22.466302,55.672948],[22.454812,55.670514],[22.446737,55.66433],[22.414601,55.670326],[22.410051,55.670112],[22.39122,55.666632],[22.388374,55.667393],[22.384043,55.664567],[22.379317,55.664215],[22.379275,55.661744],[22.372916,55.659321],[22.371373,55.660526],[22.36668,55.660277],[22.352816,55.666064],[22.354037,55.670733],[22.331166,55.676317],[22.324659,55.674569],[22.318318,55.674635],[22.314026,55.676323],[22.310951,55.678672],[22.308792,55.676992],[22.308103,55.67344],[22.30362,55.671131],[22.301152,55.667099],[22.26017,55.688794],[22.251829,55.684183],[22.248452,55.680352],[22.224953,55.678371],[22.19815,55.67271],[22.196889,55.674102],[22.197855,55.677306],[22.177097,55.673854],[22.171772,55.675392],[22.153823,55.671238],[22.156601,55.666855],[22.130128,55.661306],[22.127278,55.653705],[22.123484,55.651122],[22.094354,55.66027],[22.093257,55.658249],[22.084025,55.657593],[22.082184,55.658068],[22.072904,55.655811],[22.071328,55.653503],[22.063797,55.648483],[22.068828,55.644321],[22.071757,55.638599],[22.068803,55.636926],[22.062483,55.637249],[22.063806,55.633891],[22.058633,55.631958],[22.059343,55.629946],[22.054188,55.628994],[22.049987,55.626201],[22.047091,55.626631],[22.043981,55.625386],[22.043833,55.613289],[22.040752,55.615217],[22.039216,55.614896],[22.026519,55.609229],[22.030651,55.606703],[22.01264,55.606199],[21.992316,55.611989],[21.979479,55.611859],[21.974618,55.610948],[21.971667,55.612436],[21.968706,55.610675],[21.965801,55.610959],[21.964274,55.609945],[21.962582,55.610092],[21.96134,55.60818],[21.956406,55.60675],[21.954113,55.607525],[21.95402,55.606558],[21.929118,55.602812],[21.928267,55.603218],[21.880136,55.596952],[21.868753,55.587335],[21.882254,55.582375],[21.878597,55.579553],[21.857639,55.571295],[21.850901,55.574304],[21.845985,55.572187],[21.842001,55.568612],[21.838075,55.568785],[21.835436,55.570392],[21.808564,55.549198],[21.815316,55.546953],[21.824451,55.548329],[21.825126,55.55021],[21.835407,55.545805],[21.836163,55.543823],[21.834892,55.54212],[21.826708,55.537658],[21.827862,55.537342],[21.824838,55.532877],[21.830107,55.528109],[21.826115,55.525306],[21.827192,55.522679],[21.821586,55.518304],[21.822672,55.515749],[21.827045,55.517674],[21.834965,55.502421],[21.834426,55.499132],[21.836499,55.494705],[21.844338,55.496495],[21.846198,55.498154],[21.84815,55.498026],[21.850461,55.499313]]]}},{"type":"Feature","properties":{"display_name":"Telšių apskritis","feature_type":"county","suggested_code":"EA","county_code":"EA","city_code":"EM","iata_region":"PLQ","mc:scopes":"lt plq ea","mc:region":"ea","mc:iata":"plq","priority":1},"geometry":{"type":"Polygon","coordinates":[[[21.592988,55.938958],[21.593545,55.916582],[21.587821,55.916331],[21.582582,55.91778],[21.574544,55.918533],[21.574343,55.912326],[21.58024,55.906831],[21.581331,55.906995],[21.581388,55.908254],[21.582422,55.907474],[21.584048,55.908433],[21.585588,55.907601],[21.587254,55.907949],[21.587057,55.907227],[21.588348,55.906929],[21.592073,55.90738],[21.590987,55.905591],[21.594362,55.90508],[21.59613,55.902197],[21.598866,55.901775],[21.600431,55.902726],[21.603084,55.902545],[21.60465,55.901083],[21.6071,55.901006],[21.607207,55.899934],[21.608621,55.900664],[21.608656,55.899773],[21.610288,55.900211],[21.611348,55.898776],[21.609606,55.897887],[21.610534,55.89671],[21.613838,55.897343],[21.613728,55.898149],[21.614871,55.897556],[21.615804,55.897938],[21.616682,55.89672],[21.618623,55.89674],[21.62099,55.892203],[21.620254,55.890301],[21.624985,55.889905],[21.623922,55.888063],[21.619086,55.880918],[21.605756,55.881887],[21.599202,55.883716],[21.597278,55.881549],[21.590445,55.879473],[21.586255,55.875977],[21.586865,55.875174],[21.588966,55.875082],[21.588203,55.874417],[21.589482,55.873957],[21.588332,55.87368],[21.589752,55.872851],[21.587393,55.871824],[21.589012,55.872074],[21.588215,55.871008],[21.590256,55.871218],[21.591314,55.87014],[21.589998,55.868578],[21.587539,55.869101],[21.588343,55.868079],[21.586537,55.867611],[21.586384,55.866729],[21.588377,55.866734],[21.58754,55.865601],[21.590024,55.865982],[21.588414,55.864428],[21.590881,55.863788],[21.589887,55.86223],[21.591917,55.861978],[21.592278,55.85998],[21.591205,55.86069],[21.589587,55.859675],[21.5862,55.859576],[21.573868,55.863564],[21.558393,55.862198],[21.554519,55.847365],[21.540741,55.850335],[21.53585,55.843231],[21.537603,55.838367],[21.536247,55.836337],[21.539009,55.832849],[21.535838,55.831945],[21.534927,55.83238],[21.535932,55.833529],[21.533399,55.835381],[21.526679,55.831504],[21.525904,55.826994],[21.523417,55.827089],[21.523777,55.825541],[21.520984,55.821706],[21.522794,55.821336],[21.523359,55.820053],[21.519132,55.816632],[21.517764,55.817071],[21.512011,55.808845],[21.517346,55.808175],[21.523436,55.806331],[21.522014,55.80528],[21.519712,55.805431],[21.525509,55.803908],[21.535494,55.803511],[21.538337,55.801323],[21.547496,55.799084],[21.559814,55.798678],[21.557132,55.80195],[21.561737,55.804741],[21.572285,55.802974],[21.583804,55.803337],[21.583796,55.804328],[21.587928,55.803045],[21.591024,55.803868],[21.592012,55.805275],[21.59614,55.806899],[21.59788,55.812679],[21.594921,55.814405],[21.597881,55.817538],[21.603538,55.813248],[21.602825,55.809253],[21.606532,55.805089],[21.600404,55.80332],[21.600478,55.798161],[21.608169,55.796012],[21.611529,55.791797],[21.606444,55.790768],[21.611745,55.788681],[21.61488,55.789268],[21.616857,55.791315],[21.621565,55.788466],[21.618542,55.786964],[21.620273,55.785452],[21.622819,55.785161],[21.627518,55.786103],[21.628924,55.776847],[21.625273,55.776852],[21.626102,55.773931],[21.627789,55.773895],[21.629996,55.771472],[21.633043,55.771286],[21.63669,55.77248],[21.639831,55.772263],[21.638386,55.76804],[21.632175,55.768618],[21.627644,55.76808],[21.629358,55.759528],[21.624983,55.754738],[21.627701,55.752568],[21.628576,55.753783],[21.631402,55.753819],[21.631326,55.752557],[21.632504,55.752883],[21.634015,55.751136],[21.634988,55.752354],[21.636161,55.75138],[21.636406,55.752428],[21.636953,55.751836],[21.638539,55.752518],[21.639449,55.751705],[21.64008,55.752634],[21.640385,55.751177],[21.642231,55.750623],[21.644086,55.752283],[21.644414,55.751002],[21.645904,55.751431],[21.646772,55.750956],[21.645638,55.750074],[21.647073,55.749164],[21.650408,55.749802],[21.651749,55.748849],[21.651724,55.749997],[21.654059,55.749258],[21.653153,55.75059],[21.656907,55.751487],[21.656209,55.752143],[21.657945,55.752656],[21.657291,55.753332],[21.661208,55.754602],[21.662449,55.758255],[21.664683,55.760944],[21.666376,55.761434],[21.671132,55.759425],[21.695328,55.753632],[21.696146,55.751903],[21.700859,55.75238],[21.713205,55.748886],[21.71496,55.750772],[21.722364,55.754895],[21.725434,55.753815],[21.726127,55.750399],[21.729066,55.749862],[21.732531,55.750837],[21.734726,55.750082],[21.734982,55.755337],[21.739029,55.754647],[21.74151,55.759262],[21.763296,55.749648],[21.762069,55.74827],[21.762607,55.745213],[21.760447,55.737065],[21.765462,55.733473],[21.768657,55.729704],[21.75789,55.725899],[21.754203,55.721965],[21.755184,55.719219],[21.751179,55.712383],[21.758391,55.71054],[21.766994,55.701497],[21.78073,55.70183],[21.786453,55.696187],[21.789294,55.691215],[21.792951,55.690316],[21.794357,55.690681],[21.794909,55.689857],[21.79566,55.690278],[21.800397,55.68962],[21.802574,55.68867],[21.797113,55.68492],[21.791198,55.683377],[21.794007,55.680566],[21.787835,55.671327],[21.791106,55.669873],[21.781554,55.661777],[21.788155,55.66024],[21.791004,55.652279],[21.797541,55.650534],[21.799005,55.647182],[21.794615,55.645901],[21.786581,55.649134],[21.782299,55.647957],[21.788296,55.643392],[21.788559,55.641688],[21.796871,55.638693],[21.807665,55.637257],[21.80854,55.635881],[21.807449,55.633134],[21.810523,55.63121],[21.808853,55.628838],[21.812497,55.626468],[21.813448,55.623854],[21.815295,55.623072],[21.810392,55.619221],[21.809874,55.618326],[21.810926,55.617754],[21.843832,55.617985],[21.84072,55.616567],[21.844018,55.613587],[21.841508,55.612591],[21.879614,55.596996],[21.928267,55.603218],[21.929118,55.602812],[21.95402,55.606558],[21.954113,55.607525],[21.956406,55.60675],[21.96134,55.60818],[21.962582,55.610092],[21.964274,55.609945],[21.965801,55.610959],[21.968706,55.610675],[21.971667,55.612436],[21.974618,55.610948],[21.979479,55.611859],[21.992316,55.611989],[22.01264,55.606199],[22.030651,55.606703],[22.026519,55.609229],[22.039216,55.614896],[22.040752,55.615217],[22.043833,55.613289],[22.043981,55.625386],[22.047091,55.626631],[22.049987,55.626201],[22.054188,55.628994],[22.059343,55.629946],[22.058633,55.631958],[22.063806,55.633891],[22.062483,55.637249],[22.068803,55.636926],[22.071757,55.638599],[22.068828,55.644321],[22.063797,55.648483],[22.071328,55.653503],[22.072904,55.655811],[22.082184,55.658068],[22.084025,55.657593],[22.093257,55.658249],[22.094354,55.66027],[22.123484,55.651122],[22.127278,55.653705],[22.130128,55.661306],[22.156601,55.666855],[22.153823,55.671238],[22.171772,55.675392],[22.177097,55.673854],[22.197855,55.677306],[22.196889,55.674102],[22.19815,55.67271],[22.224953,55.678371],[22.248452,55.680352],[22.251829,55.684183],[22.26017,55.688794],[22.301152,55.667099],[22.30362,55.671131],[22.308103,55.67344],[22.308792,55.676992],[22.310951,55.678672],[22.314026,55.676323],[22.318318,55.674635],[22.324659,55.674569],[22.331166,55.676317],[22.354037,55.670733],[22.352816,55.666064],[22.36668,55.660277],[22.371373,55.660526],[22.372916,55.659321],[22.379275,55.661744],[22.379317,55.664215],[22.384043,55.664567],[22.388374,55.667393],[22.39122,55.666632],[22.410051,55.670112],[22.420555,55.669615],[22.446737,55.66433],[22.454812,55.670514],[22.466302,55.672948],[22.466274,55.679188],[22.481931,55.690836],[22.495274,55.692699],[22.502463,55.689364],[22.508467,55.690525],[22.516431,55.689815],[22.527659,55.695047],[22.529607,55.699161],[22.527336,55.699729],[22.527455,55.704659],[22.52445,55.704731],[22.530245,55.709291],[22.530078,55.71082],[22.519693,55.728628],[22.516142,55.731076],[22.519676,55.732628],[22.522735,55.739714],[22.509304,55.744954],[22.524532,55.752746],[22.523448,55.753884],[22.523979,55.755714],[22.517552,55.75888],[22.512012,55.760133],[22.500453,55.771924],[22.500436,55.774735],[22.497888,55.775599],[22.486412,55.788861],[22.544604,55.801215],[22.555406,55.802619],[22.567967,55.807437],[22.584378,55.811002],[22.581217,55.844504],[22.567643,55.850945],[22.560681,55.856162],[22.566858,55.856141],[22.569585,55.8586],[22.578518,55.863067],[22.632709,55.858625],[22.631622,55.860825],[22.646865,55.862807],[22.64387,55.870988],[22.659573,55.871089],[22.660095,55.873339],[22.657779,55.874416],[22.658216,55.876491],[22.662942,55.877282],[22.663631,55.879863],[22.653573,55.901826],[22.65956,55.90117],[22.663284,55.901911],[22.6819,55.893406],[22.688612,55.893094],[22.686923,55.901044],[22.690857,55.901977],[22.688748,55.906553],[22.694806,55.908395],[22.692653,55.911982],[22.685579,55.911485],[22.677101,55.922306],[22.701351,55.925445],[22.706459,55.926899],[22.711842,55.93035],[22.697143,55.932265],[22.692164,55.935931],[22.690324,55.940674],[22.682161,55.939522],[22.668665,55.970629],[22.64852,55.970952],[22.658543,55.951142],[22.640625,55.948883],[22.636275,55.951474],[22.632849,55.950574],[22.627977,55.950797],[22.626398,55.949658],[22.618232,55.948631],[22.605512,55.951335],[22.602921,55.95294],[22.606113,55.958077],[22.607635,55.96769],[22.596466,55.969789],[22.584392,55.978996],[22.598627,55.987535],[22.600817,55.988159],[22.613772,55.988655],[22.61172,55.995747],[22.620181,56.000481],[22.615252,56.004473],[22.614804,56.00605],[22.615684,56.007405],[22.619946,56.007369],[22.622757,56.00811],[22.623549,56.01007],[22.630083,56.016125],[22.627646,56.017058],[22.62411,56.016309],[22.621694,56.019205],[22.624664,56.020529],[22.627068,56.020276],[22.628068,56.023042],[22.630066,56.02356],[22.630724,56.024663],[22.631923,56.024293],[22.635833,56.025086],[22.636511,56.026898],[22.63428,56.028918],[22.634766,56.030113],[22.623229,56.031499],[22.624651,56.03405],[22.621032,56.034763],[22.621265,56.042683],[22.624202,56.043821],[22.626096,56.043162],[22.629578,56.041213],[22.630483,56.039408],[22.637329,56.037982],[22.634745,56.035545],[22.641053,56.034586],[22.643843,56.042771],[22.643649,56.047461],[22.663402,56.051008],[22.666234,56.052962],[22.669456,56.052386],[22.678381,56.053277],[22.687255,56.048024],[22.700377,56.046737],[22.707238,56.048545],[22.711805,56.050689],[22.705725,56.064806],[22.707881,56.064183],[22.737733,56.069317],[22.734017,56.075485],[22.730312,56.07559],[22.721149,56.078698],[22.720597,56.082334],[22.715434,56.08371],[22.715165,56.10396],[22.723352,56.105031],[22.721318,56.106368],[22.725446,56.108461],[22.720437,56.111473],[22.716444,56.109319],[22.702977,56.117227],[22.693404,56.112153],[22.681204,56.113869],[22.67815,56.109167],[22.672925,56.110657],[22.671083,56.109222],[22.662081,56.107413],[22.657738,56.105366],[22.654364,56.10574],[22.648868,56.102827],[22.647168,56.103908],[22.64763,56.106494],[22.644513,56.1077],[22.640763,56.103316],[22.637185,56.1066],[22.632189,56.10203],[22.637414,56.098952],[22.632857,56.092643],[22.616981,56.094972],[22.612682,56.085912],[22.593408,56.088753],[22.593562,56.089591],[22.58982,56.090069],[22.589574,56.089297],[22.578982,56.09071],[22.579984,56.09197],[22.578473,56.093542],[22.585179,56.096759],[22.587657,56.096179],[22.590756,56.096676],[22.590184,56.09827],[22.592898,56.100246],[22.584666,56.104413],[22.579474,56.105216],[22.581587,56.107015],[22.581706,56.108485],[22.585026,56.109342],[22.58313,56.110995],[22.586576,56.112663],[22.585198,56.114996],[22.588247,56.11496],[22.592171,56.116628],[22.585959,56.117983],[22.586195,56.1192],[22.588041,56.120047],[22.581781,56.120516],[22.580091,56.121733],[22.580488,56.12789],[22.578235,56.128673],[22.577312,56.130353],[22.580898,56.130957],[22.580891,56.134134],[22.577657,56.133874],[22.575689,56.134926],[22.577387,56.137058],[22.573112,56.136289],[22.572766,56.138387],[22.567943,56.138523],[22.566909,56.141144],[22.561733,56.141126],[22.560304,56.141962],[22.560511,56.143096],[22.558602,56.143742],[22.554181,56.143571],[22.555288,56.145263],[22.552101,56.145384],[22.55077,56.146835],[22.551049,56.147841],[22.553621,56.148912],[22.550848,56.149295],[22.548653,56.151451],[22.542629,56.151834],[22.540074,56.15275],[22.535969,56.151853],[22.534144,56.152931],[22.530027,56.153337],[22.534508,56.155955],[22.53151,56.158663],[22.531488,56.159902],[22.53629,56.160575],[22.536714,56.163574],[22.555792,56.162138],[22.557158,56.165312],[22.57003,56.164961],[22.570667,56.166615],[22.575647,56.166583],[22.575641,56.168336],[22.577871,56.168017],[22.578636,56.169296],[22.580263,56.169091],[22.580572,56.171444],[22.587782,56.170292],[22.621145,56.172516],[22.616024,56.196254],[22.61647,56.19771],[22.617768,56.197175],[22.620153,56.198317],[22.618297,56.199508],[22.620556,56.199774],[22.622157,56.201355],[22.621516,56.202021],[22.622834,56.20193],[22.625329,56.203712],[22.628965,56.203035],[22.629374,56.20469],[22.631,56.205207],[22.627609,56.207221],[22.621973,56.208195],[22.622664,56.209155],[22.626316,56.210245],[22.629752,56.214579],[22.627147,56.215362],[22.622016,56.214224],[22.616223,56.216173],[22.614108,56.217922],[22.617666,56.219821],[22.617191,56.22225],[22.618325,56.223816],[22.623591,56.22262],[22.624489,56.223121],[22.62781,56.222001],[22.643673,56.221913],[22.644134,56.222938],[22.646967,56.222385],[22.638478,56.249737],[22.628435,56.248838],[22.625226,56.247144],[22.623976,56.247563],[22.624584,56.248633],[22.619476,56.249022],[22.619005,56.250966],[22.614956,56.25216],[22.61452,56.256459],[22.610256,56.253752],[22.605381,56.253406],[22.605463,56.252196],[22.60193,56.252274],[22.601723,56.253755],[22.597882,56.253038],[22.596096,56.257321],[22.594493,56.257835],[22.593095,56.262104],[22.594098,56.271121],[22.592226,56.275519],[22.583985,56.27749],[22.584336,56.281893],[22.579236,56.284929],[22.579725,56.289073],[22.587873,56.288891],[22.59373,56.28767],[22.601719,56.288448],[22.603428,56.293482],[22.596433,56.294244],[22.593639,56.293032],[22.587758,56.294982],[22.58793,56.298621],[22.579933,56.299905],[22.570875,56.305104],[22.580969,56.304272],[22.581131,56.304861],[22.582986,56.304728],[22.584329,56.308321],[22.585613,56.308111],[22.58847,56.311629],[22.587547,56.313502],[22.599995,56.333806],[22.599,56.333863],[22.599599,56.335456],[22.598626,56.335856],[22.588186,56.337009],[22.586422,56.339268],[22.578144,56.34078],[22.579959,56.344837],[22.571585,56.35181],[22.567722,56.361499],[22.570273,56.36165],[22.57073,56.362525],[22.603938,56.360063],[22.613494,56.358699],[22.62101,56.365642],[22.635163,56.367191],[22.635379,56.368655],[22.631468,56.370731],[22.625949,56.376416],[22.61994,56.379986],[22.618243,56.379939],[22.616225,56.382568],[22.607933,56.38337],[22.605999,56.38239],[22.601506,56.382314],[22.59359,56.383577],[22.592307,56.38472],[22.588812,56.384306],[22.584328,56.387451],[22.583268,56.388724],[22.584001,56.389575],[22.580239,56.390542],[22.574948,56.390557],[22.570993,56.388584],[22.564319,56.387535],[22.560034,56.388183],[22.557516,56.387624],[22.55144,56.389163],[22.538088,56.388998],[22.53012,56.393666],[22.518987,56.39253],[22.515926,56.393622],[22.511275,56.392796],[22.501639,56.39597],[22.495038,56.396739],[22.493894,56.396273],[22.487194,56.398454],[22.483654,56.400706],[22.481133,56.400391],[22.479138,56.401789],[22.479676,56.402962],[22.475415,56.404073],[22.464852,56.403148],[22.460858,56.403722],[22.455079,56.402454],[22.447657,56.402855],[22.437576,56.406358],[22.43535,56.406061],[22.431532,56.409066],[22.423667,56.410005],[22.42086,56.409228],[22.418485,56.409543],[22.415831,56.40791],[22.412812,56.408934],[22.40904,56.407649],[22.404449,56.407356],[22.399145,56.404675],[22.394831,56.403713],[22.392298,56.401226],[22.390626,56.400816],[22.37837,56.400367],[22.373355,56.401906],[22.36487,56.401942],[22.361427,56.400267],[22.357215,56.399526],[22.354022,56.395223],[22.348512,56.393817],[22.341253,56.395614],[22.339764,56.397466],[22.335055,56.399126],[22.33319,56.401196],[22.328509,56.400983],[22.321864,56.402043],[22.321618,56.40483],[22.319,56.408339],[22.311509,56.410003],[22.308755,56.408744],[22.297282,56.407028],[22.290302,56.407973],[22.286142,56.410363],[22.284297,56.4085],[22.28019,56.4072],[22.278623,56.403675],[22.266939,56.403402],[22.264464,56.404647],[22.263161,56.403594],[22.251512,56.40081],[22.247871,56.401436],[22.244366,56.39977],[22.240748,56.400075],[22.239102,56.401468],[22.235941,56.401254],[22.236436,56.404564],[22.231664,56.408027],[22.229754,56.408344],[22.224485,56.407111],[22.224286,56.408743],[22.220954,56.410483],[22.221323,56.411647],[22.215447,56.412329],[22.214694,56.417679],[22.211328,56.422909],[22.209404,56.423995],[22.207976,56.424313],[22.18795,56.421434],[22.165751,56.419628],[22.153713,56.42541],[22.136984,56.428649],[22.133388,56.431192],[22.130118,56.432122],[22.127785,56.43144],[22.125396,56.432346],[22.124278,56.431327],[22.122606,56.43217],[22.121631,56.430623],[22.118545,56.431463],[22.118401,56.430059],[22.116898,56.430694],[22.114876,56.429785],[22.116166,56.428519],[22.112375,56.427961],[22.110931,56.429081],[22.106322,56.427654],[22.105383,56.428884],[22.102656,56.427233],[22.102442,56.425949],[22.098014,56.426746],[22.097674,56.428096],[22.096314,56.427019],[22.089442,56.428227],[22.088303,56.426276],[22.086098,56.426676],[22.083691,56.42544],[22.085264,56.42263],[22.083687,56.423556],[22.081337,56.422713],[22.078776,56.423042],[22.074336,56.42494],[22.072818,56.424257],[22.071431,56.425346],[22.070965,56.42414],[22.067861,56.42448],[22.067465,56.423931],[22.069422,56.422678],[22.069043,56.421416],[22.067648,56.421843],[22.067207,56.420667],[22.065446,56.421173],[22.065581,56.420029],[22.063501,56.420145],[22.062245,56.41898],[22.061718,56.419769],[22.060662,56.419048],[22.058351,56.419229],[22.058307,56.421451],[22.056247,56.420526],[22.053596,56.420662],[22.053435,56.421721],[22.05134,56.421382],[22.051456,56.419188],[22.048838,56.419375],[22.048616,56.416966],[22.04488,56.417466],[22.044708,56.418862],[22.042777,56.418738],[22.042459,56.420096],[22.039009,56.420815],[22.040786,56.42222],[22.036826,56.422364],[22.035933,56.424015],[22.03458,56.423721],[22.035122,56.424263],[22.033529,56.424922],[22.028036,56.423872],[22.027355,56.424956],[22.025218,56.424623],[22.024143,56.425155],[22.021684,56.424439],[22.019632,56.425163],[22.01831,56.423991],[22.0153,56.424281],[22.014354,56.421306],[22.011694,56.420932],[22.010664,56.419352],[22.012694,56.4178],[22.011643,56.416462],[22.014534,56.41539],[22.014532,56.414505],[22.010775,56.413583],[22.002729,56.413287],[21.99987,56.415017],[21.997838,56.414221],[21.99641,56.415351],[21.995089,56.413018],[21.991699,56.413616],[21.994174,56.410949],[21.992622,56.410219],[21.993812,56.408013],[21.991484,56.407798],[21.993094,56.406043],[21.989453,56.406229],[21.990128,56.404389],[21.98796,56.400356],[21.985085,56.399938],[21.982138,56.398335],[21.980467,56.394971],[21.977583,56.393583],[21.976653,56.389853],[21.980221,56.379136],[21.971694,56.366691],[21.976129,56.366362],[21.973958,56.358431],[21.977995,56.357635],[21.976711,56.354603],[21.973239,56.355183],[21.971176,56.348681],[21.939936,56.35092],[21.938518,56.347985],[21.938152,56.33944],[21.932106,56.318862],[21.953045,56.317357],[21.953418,56.31664],[21.967967,56.318851],[21.967499,56.316158],[21.980577,56.315093],[21.976099,56.29808],[21.976695,56.296183],[21.97335,56.292555],[21.9742,56.289872],[21.968724,56.268731],[21.976917,56.268362],[21.981946,56.252114],[21.991381,56.248575],[21.997288,56.232747],[22.001104,56.232141],[22.004247,56.228246],[22.00503,56.225279],[21.999627,56.223136],[22.017902,56.212133],[22.015507,56.203841],[22.017128,56.202621],[22.016307,56.200519],[22.014448,56.200108],[22.0133,56.196101],[21.963316,56.199967],[21.957355,56.175439],[21.945413,56.176229],[21.934609,56.132725],[21.92611,56.13203],[21.92563,56.128268],[21.922416,56.123703],[21.918432,56.121408],[21.919273,56.119639],[21.925351,56.117742],[21.919798,56.115898],[21.916453,56.113479],[21.903571,56.110673],[21.902648,56.114315],[21.898657,56.114635],[21.899497,56.119619],[21.845008,56.123713],[21.847364,56.130883],[21.82709,56.131247],[21.82607,56.128398],[21.823243,56.127153],[21.827015,56.123496],[21.830063,56.122566],[21.830328,56.119231],[21.828717,56.117221],[21.830203,56.100915],[21.827616,56.098099],[21.809393,56.101112],[21.773552,56.108824],[21.771143,56.10517],[21.760946,56.107641],[21.759065,56.104986],[21.746662,56.107641],[21.722942,56.073056],[21.703985,56.077211],[21.682325,56.043166],[21.677804,56.04423],[21.67755,56.039057],[21.675745,56.039358],[21.675425,56.038466],[21.671839,56.037942],[21.666213,56.039217],[21.652305,56.019041],[21.637841,56.002906],[21.630343,56.004571],[21.624997,55.996164],[21.622356,55.995809],[21.614628,55.997185],[21.614937,55.999356],[21.607059,56.001233],[21.6053,56.000208],[21.602941,56.000915],[21.600436,55.999418],[21.597867,55.999982],[21.596737,55.999289],[21.586573,56.001736],[21.57189,55.980171],[21.6001,55.974156],[21.581521,55.94414],[21.58851,55.943117],[21.589184,55.94027],[21.591015,55.939004],[21.592988,55.938958]]]}},{"type":"Feature","properties":{"display_name":"Utenos apskritis","feature_type":"county","suggested_code":"UA","county_code":"UA","city_code":"UM","iata_region":"VNO","mc:scopes":"lt vno ua","mc:region":"ua","mc:iata":"vno","priority":1},"geometry":{"type":"Polygon","coordinates":[[[24.658814,55.647642],[24.666191,55.642699],[24.668424,55.643077],[24.668915,55.644553],[24.671556,55.646192],[24.678705,55.645588],[24.682674,55.647259],[24.681756,55.647913],[24.68511,55.649529],[24.686569,55.652298],[24.694269,55.654905],[24.697402,55.653887],[24.701067,55.650344],[24.703264,55.651249],[24.708771,55.647426],[24.706748,55.64461],[24.72092,55.63454],[24.722173,55.628022],[24.721545,55.617956],[24.725441,55.609153],[24.685012,55.603633],[24.677515,55.60071],[24.668552,55.5827],[24.6743,55.574235],[24.671924,55.573541],[24.674113,55.570217],[24.673018,55.56796],[24.674821,55.567827],[24.673115,55.564963],[24.669306,55.565358],[24.67039,55.564029],[24.664156,55.562828],[24.662912,55.560104],[24.663727,55.558022],[24.665047,55.557203],[24.668126,55.557136],[24.671109,55.55369],[24.674244,55.551929],[24.672573,55.54266],[24.667425,55.53577],[24.654892,55.526399],[24.653033,55.523935],[24.656491,55.522381],[24.654852,55.518271],[24.659372,55.504261],[24.657277,55.50115],[24.662609,55.49724],[24.675141,55.503978],[24.683469,55.498758],[24.689661,55.504381],[24.696353,55.506634],[24.713311,55.502287],[24.719489,55.49954],[24.718016,55.497566],[24.723261,55.491319],[24.733032,55.493191],[24.742659,55.481896],[24.743377,55.478679],[24.75987,55.478789],[24.767194,55.483598],[24.767735,55.481286],[24.77174,55.480204],[24.77433,55.467456],[24.779355,55.468701],[24.780791,55.466666],[24.780378,55.464624],[24.778543,55.463255],[24.782171,55.458766],[24.784573,55.451894],[24.794243,55.451056],[24.801326,55.446132],[24.813598,55.44456],[24.815542,55.438493],[24.819736,55.43825],[24.819098,55.429769],[24.817118,55.422888],[24.812049,55.418967],[24.796638,55.425357],[24.78966,55.417705],[24.790552,55.415551],[24.782962,55.40956],[24.793186,55.405471],[24.788311,55.398721],[24.784223,55.380848],[24.784595,55.37836],[24.788752,55.372537],[24.792766,55.373727],[24.829355,55.361244],[24.827583,55.357391],[24.842348,55.359087],[24.850935,55.352655],[24.859319,55.354032],[24.869633,55.35682],[24.873163,55.359556],[24.876542,55.359637],[24.881582,55.357856],[24.887645,55.357535],[24.898795,55.358792],[24.901471,55.357188],[24.898981,55.351827],[24.890675,55.344793],[24.891888,55.341617],[24.895819,55.342644],[24.902878,55.341564],[24.904751,55.339937],[24.967804,55.356701],[24.974734,55.348229],[24.977273,55.328896],[24.983803,55.312517],[24.998175,55.305848],[25.001112,55.307508],[25.000326,55.309816],[25.004919,55.309244],[25.006682,55.309737],[25.008149,55.31394],[25.015153,55.316203],[25.018039,55.315449],[25.022082,55.316299],[25.031206,55.313072],[25.033535,55.310526],[25.035787,55.310165],[25.044083,55.310876],[25.046862,55.3136],[25.05176,55.314261],[25.051047,55.307737],[25.058239,55.306844],[25.066466,55.308337],[25.073485,55.313344],[25.075123,55.307808],[25.074116,55.307339],[25.0753,55.307468],[25.07929,55.304586],[25.081878,55.304817],[25.083321,55.301112],[25.083846,55.298199],[25.082688,55.296747],[25.083685,55.295295],[25.080019,55.294758],[25.079739,55.292867],[25.091657,55.291794],[25.095864,55.290446],[25.10093,55.29166],[25.099354,55.288265],[25.099426,55.284588],[25.101419,55.284726],[25.105437,55.280417],[25.110754,55.279811],[25.108123,55.276012],[25.108292,55.268898],[25.106099,55.264637],[25.141461,55.257429],[25.139103,55.25499],[25.139463,55.252471],[25.140688,55.251699],[25.141633,55.251824],[25.143387,55.256203],[25.152137,55.258672],[25.150594,55.261969],[25.155759,55.262404],[25.158277,55.264132],[25.162883,55.265408],[25.166921,55.265304],[25.169152,55.266954],[25.172017,55.265579],[25.173976,55.266399],[25.175211,55.265164],[25.178651,55.264203],[25.185336,55.265289],[25.18781,55.26736],[25.189277,55.266269],[25.186119,55.261564],[25.178085,55.237192],[25.174035,55.236288],[25.157179,55.22187],[25.159036,55.221327],[25.165581,55.215855],[25.173872,55.212179],[25.177359,55.208532],[25.199076,55.209319],[25.211786,55.213712],[25.221664,55.209153],[25.227384,55.204983],[25.231624,55.193163],[25.235085,55.19426],[25.234031,55.196037],[25.24165,55.197325],[25.246813,55.195805],[25.24722,55.19418],[25.243736,55.192858],[25.244373,55.19192],[25.252986,55.192214],[25.254581,55.194825],[25.256334,55.194938],[25.261631,55.19346],[25.261176,55.192406],[25.267393,55.191548],[25.265894,55.188173],[25.259961,55.188598],[25.2545,55.191076],[25.251831,55.191129],[25.250878,55.190214],[25.24357,55.189975],[25.239673,55.188724],[25.238413,55.187892],[25.243046,55.18529],[25.227398,55.179288],[25.233107,55.170408],[25.228704,55.168644],[25.229863,55.167629],[25.229245,55.16657],[25.223839,55.164673],[25.218741,55.165644],[25.190936,55.154083],[25.166802,55.151935],[25.167095,55.148226],[25.169166,55.147862],[25.169246,55.147043],[25.166777,55.146178],[25.166618,55.143857],[25.170998,55.142992],[25.171396,55.141581],[25.174582,55.141581],[25.175299,55.139123],[25.171157,55.136391],[25.16614,55.134934],[25.16606,55.131428],[25.164069,55.130654],[25.156901,55.130609],[25.160963,55.126419],[25.16233,55.119315],[25.149107,55.112175],[25.155677,55.107196],[25.155743,55.102523],[25.147936,55.095718],[25.157031,55.089323],[25.162211,55.092256],[25.161467,55.093842],[25.16338,55.096748],[25.168843,55.096828],[25.16972,55.096808],[25.16932,55.094911],[25.172706,55.093253],[25.183209,55.091712],[25.185492,55.09239],[25.190273,55.092349],[25.19115,55.09302],[25.194925,55.092651],[25.197001,55.093959],[25.202713,55.095236],[25.208931,55.09489],[25.207956,55.09295],[25.209852,55.091996],[25.210954,55.08993],[25.213915,55.089866],[25.214154,55.08903],[25.21679,55.089065],[25.218247,55.088258],[25.221623,55.088229],[25.224061,55.083267],[25.226408,55.081059],[25.224003,55.077671],[25.221777,55.076942],[25.226445,55.068534],[25.233753,55.06665],[25.235797,55.062893],[25.229417,55.059932],[25.227885,55.05657],[25.226214,55.055668],[25.21365,55.05388],[25.222029,55.041505],[25.22558,55.042376],[25.280282,55.046302],[25.302272,55.045221],[25.309498,55.037288],[25.321121,55.035003],[25.331463,55.031466],[25.342081,55.032354],[25.348467,55.03394],[25.381526,55.030879],[25.38717,55.037482],[25.395769,55.036984],[25.395795,55.039163],[25.397497,55.039987],[25.401296,55.039066],[25.404216,55.039263],[25.406379,55.037578],[25.421316,55.033367],[25.429635,55.035028],[25.440217,55.033999],[25.44687,55.035196],[25.451621,55.034872],[25.4565,55.035523],[25.458585,55.037275],[25.472826,55.037608],[25.480001,55.038689],[25.48366,55.038221],[25.48594,55.039342],[25.494322,55.040738],[25.49644,55.043136],[25.497217,55.041956],[25.506658,55.039998],[25.517088,55.041031],[25.526109,55.040591],[25.527189,55.043162],[25.531138,55.045298],[25.532295,55.047026],[25.530826,55.049453],[25.531699,55.049502],[25.532277,55.052839],[25.534765,55.052836],[25.536546,55.053839],[25.546675,55.053318],[25.551713,55.054067],[25.553861,55.051967],[25.556395,55.051821],[25.561872,55.048363],[25.57354,55.048173],[25.576173,55.049309],[25.578966,55.052627],[25.578159,55.063806],[25.582323,55.060604],[25.584291,55.061348],[25.591344,55.061496],[25.593198,55.062125],[25.59337,55.061081],[25.601163,55.062504],[25.602094,55.061478],[25.603113,55.061721],[25.603771,55.060268],[25.609703,55.060179],[25.610875,55.05934],[25.620943,55.062402],[25.625598,55.065135],[25.629225,55.062894],[25.635685,55.062339],[25.637106,55.061063],[25.638346,55.061478],[25.642041,55.060876],[25.64201,55.060273],[25.645534,55.059346],[25.646234,55.057803],[25.653012,55.06092],[25.656852,55.059974],[25.659434,55.055169],[25.658761,55.052792],[25.656119,55.050027],[25.657307,55.048775],[25.659757,55.050026],[25.661422,55.049404],[25.665195,55.040746],[25.669833,55.040458],[25.674149,55.043009],[25.674792,55.0422],[25.677232,55.042478],[25.680163,55.041054],[25.683888,55.040482],[25.68624,55.043132],[25.695261,55.042508],[25.699985,55.046163],[25.705585,55.046948],[25.704598,55.040815],[25.70797,55.036679],[25.710676,55.035618],[25.716025,55.035584],[25.721452,55.036779],[25.735726,55.03595],[25.749078,55.037595],[25.752365,55.038934],[25.757694,55.038458],[25.760453,55.039162],[25.759231,55.042758],[25.749924,55.042508],[25.746793,55.039904],[25.741625,55.039749],[25.742392,55.041576],[25.741113,55.04291],[25.742336,55.045705],[25.745088,55.045721],[25.744999,55.048994],[25.741545,55.049238],[25.741005,55.051395],[25.736242,55.051306],[25.735374,55.052635],[25.737177,55.053632],[25.741982,55.054371],[25.743452,55.056127],[25.748096,55.058447],[25.74631,55.059919],[25.744915,55.059336],[25.741149,55.05979],[25.740401,55.058422],[25.739153,55.059866],[25.743464,55.062589],[25.752093,55.070788],[25.752886,55.072716],[25.756828,55.073759],[25.756836,55.079727],[25.753219,55.081145],[25.74332,55.079773],[25.741652,55.074197],[25.738418,55.074184],[25.739127,55.075522],[25.732504,55.075501],[25.729914,55.079027],[25.730785,55.082875],[25.73925,55.081086],[25.744553,55.085069],[25.746482,55.088322],[25.748055,55.088523],[25.751031,55.085336],[25.749527,55.08467],[25.750448,55.083261],[25.754405,55.083013],[25.757271,55.085728],[25.765356,55.083445],[25.76769,55.084146],[25.762799,55.09001],[25.766641,55.094095],[25.762767,55.097742],[25.746781,55.097853],[25.747869,55.099541],[25.753951,55.100833],[25.752944,55.102749],[25.750275,55.103967],[25.750687,55.105287],[25.752833,55.10576],[25.753217,55.105237],[25.755306,55.10646],[25.76185,55.105135],[25.762901,55.10945],[25.764548,55.109474],[25.766842,55.10681],[25.764433,55.104976],[25.769199,55.102761],[25.771477,55.104073],[25.775055,55.10321],[25.778122,55.1063],[25.778405,55.110706],[25.781876,55.110043],[25.780854,55.110809],[25.782008,55.114861],[25.789845,55.11419],[25.793414,55.120128],[25.800387,55.121446],[25.799519,55.123354],[25.796751,55.126302],[25.793848,55.125852],[25.792818,55.123696],[25.793821,55.121943],[25.791787,55.121633],[25.790729,55.1205],[25.762797,55.125224],[25.762426,55.127102],[25.7602,55.127375],[25.759581,55.12908],[25.753892,55.13117],[25.751253,55.133382],[25.740857,55.131078],[25.738663,55.132393],[25.738485,55.135186],[25.733564,55.136665],[25.731408,55.136056],[25.728447,55.137057],[25.725389,55.137117],[25.721977,55.144608],[25.712979,55.145984],[25.708008,55.143124],[25.708032,55.172574],[25.685567,55.173],[25.684439,55.174499],[25.682687,55.174419],[25.68387,55.176038],[25.683234,55.177717],[25.679458,55.179468],[25.677323,55.179162],[25.672522,55.180439],[25.670375,55.181807],[25.669379,55.18111],[25.666541,55.181061],[25.666026,55.180068],[25.664719,55.182208],[25.66196,55.183294],[25.655592,55.182706],[25.656509,55.183761],[25.653752,55.185162],[25.653521,55.18775],[25.652331,55.188319],[25.651031,55.187958],[25.653484,55.189162],[25.65428,55.190625],[25.65203,55.191383],[25.651928,55.192564],[25.649989,55.193672],[25.650381,55.19573],[25.647811,55.197117],[25.652325,55.200629],[25.650791,55.2017],[25.650839,55.203136],[25.648184,55.203252],[25.651295,55.205453],[25.652636,55.208811],[25.660237,55.207031],[25.669195,55.21149],[25.666085,55.213051],[25.674972,55.214997],[25.672879,55.21792],[25.661805,55.21525],[25.659401,55.215713],[25.659159,55.218146],[25.664814,55.217708],[25.666023,55.220296],[25.662668,55.221711],[25.658332,55.221673],[25.659048,55.222912],[25.665592,55.22672],[25.663018,55.232684],[25.679304,55.245373],[25.690658,55.242254],[25.694594,55.242958],[25.695329,55.242442],[25.693899,55.241714],[25.69398,55.2405],[25.69949,55.23919],[25.707725,55.240455],[25.706168,55.245129],[25.702649,55.248283],[25.698349,55.246265],[25.697629,55.247037],[25.694472,55.2465],[25.69363,55.250227],[25.696232,55.252134],[25.696057,55.255136],[25.698795,55.25646],[25.695193,55.259904],[25.690629,55.259294],[25.686695,55.257263],[25.684147,55.258892],[25.68346,55.260182],[25.688131,55.262426],[25.68334,55.263308],[25.683876,55.268231],[25.68487,55.268879],[25.679685,55.27097],[25.679234,55.271935],[25.682739,55.272659],[25.694865,55.267982],[25.699352,55.268034],[25.702756,55.263634],[25.70655,55.263172],[25.703014,55.266642],[25.704125,55.268994],[25.706016,55.272455],[25.711565,55.27604],[25.715323,55.280518],[25.715245,55.282063],[25.710549,55.286874],[25.72225,55.288183],[25.727405,55.290526],[25.725651,55.292285],[25.725861,55.294051],[25.729423,55.294154],[25.729559,55.295124],[25.72342,55.295624],[25.733559,55.300962],[25.734412,55.305671],[25.738708,55.307524],[25.742249,55.307591],[25.743322,55.306684],[25.73902,55.304547],[25.7349,55.300507],[25.734315,55.299252],[25.736332,55.298995],[25.738183,55.299664],[25.741144,55.303304],[25.747045,55.305845],[25.753246,55.305768],[25.754292,55.306935],[25.755773,55.306516],[25.75743,55.30713],[25.762376,55.311994],[25.76368,55.314815],[25.767944,55.317138],[25.769001,55.316548],[25.771273,55.317578],[25.793602,55.301232],[25.803188,55.305166],[25.805525,55.307189],[25.807728,55.278529],[25.841612,55.279283],[25.840558,55.287812],[25.845061,55.290447],[25.840058,55.293012],[25.83962,55.2991],[25.842184,55.300738],[25.849714,55.296868],[25.864021,55.301203],[25.866104,55.302292],[25.865029,55.302816],[25.870992,55.301039],[25.874527,55.297847],[25.878236,55.296033],[25.896177,55.289064],[25.895269,55.288808],[25.895267,55.283988],[25.897399,55.281449],[25.892458,55.279335],[25.897822,55.277618],[25.898563,55.276536],[25.907139,55.274277],[25.909839,55.274312],[25.910139,55.275082],[25.91236,55.275106],[25.913294,55.275982],[25.914618,55.282834],[25.930093,55.275832],[25.931066,55.277575],[25.929649,55.286621],[25.939577,55.286788],[25.940137,55.280076],[25.942735,55.280303],[25.946641,55.278627],[25.950299,55.279583],[25.952776,55.281807],[25.960681,55.282855],[25.961487,55.280918],[25.965954,55.281469],[25.967017,55.279609],[25.975805,55.278738],[25.974951,55.277577],[25.978125,55.27802],[25.984549,55.275048],[25.986028,55.2723],[25.993621,55.273531],[25.998043,55.277906],[26.022941,55.279176],[26.029259,55.276071],[26.042904,55.288212],[26.03959,55.288329],[26.037423,55.289582],[26.030889,55.287559],[26.019686,55.286631],[26.024517,55.28779],[26.02416,55.289828],[26.032405,55.291815],[26.036369,55.293724],[26.041991,55.293794],[26.044719,55.295106],[26.043136,55.296428],[26.046846,55.299113],[26.048029,55.298313],[26.047243,55.296957],[26.051239,55.293837],[26.056518,55.29231],[26.057961,55.292669],[26.059793,55.291049],[26.06106,55.291161],[26.064017,55.294072],[26.057199,55.292801],[26.055923,55.294646],[26.057698,55.29723],[26.056707,55.302235],[26.059541,55.307008],[26.058251,55.308782],[26.061748,55.309054],[26.062537,55.306904],[26.060139,55.302513],[26.060767,55.296292],[26.06891,55.296549],[26.075583,55.29322],[26.078158,55.293266],[26.080921,55.292105],[26.086744,55.292566],[26.087188,55.292059],[26.090526,55.292849],[26.095036,55.289476],[26.102468,55.288241],[26.105627,55.290534],[26.107839,55.290188],[26.114725,55.292912],[26.118673,55.291381],[26.119518,55.292647],[26.122087,55.293602],[26.126502,55.2894],[26.131191,55.287065],[26.134393,55.286622],[26.138772,55.288555],[26.143706,55.288223],[26.14622,55.286493],[26.147436,55.284671],[26.147064,55.281832],[26.142987,55.283264],[26.141142,55.281282],[26.142719,55.279995],[26.139822,55.278706],[26.147456,55.277435],[26.149333,55.276057],[26.147955,55.273445],[26.149172,55.265377],[26.147998,55.263403],[26.150993,55.261395],[26.163617,55.258316],[26.174751,55.253492],[26.183151,55.251614],[26.169777,55.247353],[26.167792,55.245827],[26.160409,55.238203],[26.1584,55.234503],[26.155273,55.23211],[26.155706,55.231209],[26.153654,55.230641],[26.153651,55.224997],[26.160035,55.224568],[26.161215,55.225082],[26.186171,55.222044],[26.190124,55.2335],[26.193017,55.234066],[26.194208,55.235132],[26.195708,55.240215],[26.198295,55.238796],[26.199092,55.235802],[26.2031,55.238135],[26.206795,55.236475],[26.212563,55.236249],[26.215711,55.2373],[26.221865,55.237826],[26.220099,55.239664],[26.225195,55.243808],[26.227645,55.242926],[26.229664,55.245593],[26.255198,55.226616],[26.263784,55.225458],[26.264034,55.223609],[26.269057,55.225519],[26.271053,55.225112],[26.281601,55.228731],[26.281361,55.229513],[26.282911,55.229883],[26.284388,55.232198],[26.283822,55.228892],[26.288456,55.229051],[26.295077,55.225121],[26.3082,55.224783],[26.326026,55.220074],[26.331239,55.220247],[26.330679,55.222648],[26.334551,55.223159],[26.33521,55.224576],[26.334196,55.225595],[26.336457,55.227036],[26.337005,55.225338],[26.338469,55.224866],[26.341366,55.221221],[26.341772,55.218994],[26.355814,55.220136],[26.361853,55.218896],[26.369658,55.223968],[26.373534,55.222878],[26.380459,55.224168],[26.385824,55.222497],[26.389638,55.222173],[26.391365,55.220058],[26.393698,55.219781],[26.400407,55.216134],[26.407491,55.216319],[26.407399,55.219306],[26.42054,55.21789],[26.429944,55.212171],[26.438751,55.213048],[26.440256,55.20985],[26.446597,55.21038],[26.448006,55.209412],[26.44985,55.209599],[26.450339,55.212527],[26.457801,55.218698],[26.485126,55.212641],[26.494206,55.217212],[26.517842,55.214695],[26.521491,55.22282],[26.523989,55.223638],[26.523909,55.225075],[26.540486,55.225629],[26.542763,55.223529],[26.553769,55.219481],[26.556425,55.223248],[26.567545,55.225023],[26.566027,55.228032],[26.567962,55.228529],[26.596582,55.228715],[26.597642,55.231334],[26.606589,55.234263],[26.616894,55.241119],[26.613643,55.241692],[26.61249,55.247118],[26.620287,55.247282],[26.623035,55.246011],[26.626663,55.246259],[26.628276,55.250219],[26.620023,55.249681],[26.619347,55.25159],[26.614766,55.25096],[26.611727,55.254329],[26.618037,55.256392],[26.619112,55.255055],[26.622984,55.257649],[26.622304,55.258896],[26.624729,55.261825],[26.628128,55.262383],[26.629813,55.260968],[26.632739,55.261136],[26.636236,55.262994],[26.642868,55.261944],[26.641303,55.263795],[26.645977,55.265225],[26.645171,55.263243],[26.649132,55.262496],[26.64973,55.263899],[26.653092,55.263345],[26.653829,55.261272],[26.649892,55.260301],[26.649753,55.259002],[26.652816,55.257519],[26.652977,55.259068],[26.65604,55.258582],[26.656984,55.257165],[26.659102,55.257217],[26.659448,55.255787],[26.660553,55.257073],[26.658389,55.258346],[26.661248,55.259783],[26.661248,55.260648],[26.664003,55.26116],[26.666139,55.260616],[26.667151,55.26148],[26.679856,55.262442],[26.687459,55.261943],[26.755198,55.265647],[26.75862,55.265179],[26.759363,55.262993],[26.751511,55.260283],[26.74896,55.260995],[26.748127,55.259703],[26.745367,55.25956],[26.739916,55.256598],[26.741387,55.253843],[26.742613,55.25544],[26.744653,55.254464],[26.746809,55.254502],[26.747651,55.251526],[26.748677,55.251493],[26.749337,55.252588],[26.753288,55.253259],[26.759509,55.255837],[26.761066,55.258203],[26.768646,55.259386],[26.774737,55.25895],[26.780364,55.259899],[26.780299,55.26141],[26.782274,55.263121],[26.784677,55.263216],[26.785816,55.267409],[26.791932,55.268034],[26.794877,55.265365],[26.798729,55.266013],[26.798196,55.273635],[26.826805,55.277282],[26.826848,55.276357],[26.828664,55.276034],[26.835475,55.285511],[26.833998,55.297524],[26.830017,55.302865],[26.832103,55.306892],[26.825867,55.308174],[26.817755,55.308099],[26.814872,55.309094],[26.812641,55.313219],[26.814256,55.315294],[26.801247,55.318528],[26.796427,55.317618],[26.794026,55.317916],[26.791969,55.321203],[26.784944,55.320505],[26.782423,55.318925],[26.777697,55.318481],[26.775258,55.320548],[26.77115,55.320818],[26.764378,55.323121],[26.754551,55.323799],[26.752169,55.322916],[26.739576,55.324161],[26.731443,55.322937],[26.728247,55.321499],[26.720151,55.321785],[26.708586,55.329064],[26.70072,55.328981],[26.697912,55.330349],[26.692634,55.3305],[26.687073,55.332024],[26.683425,55.331424],[26.668595,55.338382],[26.664323,55.338933],[26.662626,55.33819],[26.660737,55.335269],[26.643903,55.334352],[26.640565,55.330233],[26.64066,55.324747],[26.639567,55.324423],[26.638101,55.325272],[26.632442,55.321925],[26.62976,55.32372],[26.62713,55.324112],[26.624736,55.32667],[26.626655,55.331183],[26.630986,55.333142],[26.630499,55.333915],[26.62678,55.334902],[26.622005,55.331625],[26.61872,55.331202],[26.615755,55.332286],[26.614275,55.331885],[26.616768,55.331012],[26.615441,55.329273],[26.618124,55.327582],[26.617961,55.326823],[26.613477,55.326964],[26.612029,55.324291],[26.607957,55.323191],[26.607237,55.319587],[26.602431,55.32112],[26.598928,55.32076],[26.593952,55.322356],[26.59437,55.321014],[26.58847,55.31908],[26.587978,55.320263],[26.585036,55.320495],[26.586463,55.321722],[26.582651,55.32466],[26.583855,55.324337],[26.585301,55.325586],[26.583649,55.326364],[26.580178,55.324922],[26.576729,55.325052],[26.574088,55.324112],[26.570873,55.321329],[26.565881,55.321197],[26.563708,55.319264],[26.563167,55.321479],[26.561883,55.321948],[26.554393,55.321861],[26.553754,55.324162],[26.551502,55.324651],[26.551078,55.325885],[26.549866,55.325607],[26.548333,55.326448],[26.548625,55.328968],[26.547393,55.328197],[26.544393,55.329751],[26.543886,55.328587],[26.542106,55.329546],[26.541418,55.328743],[26.539266,55.328651],[26.538542,55.329649],[26.537837,55.32906],[26.534753,55.329039],[26.534239,55.330845],[26.532233,55.329805],[26.531332,55.330731],[26.528892,55.330493],[26.529562,55.331015],[26.526882,55.331575],[26.526987,55.332605],[26.522488,55.330504],[26.521056,55.33097],[26.518836,55.329777],[26.518135,55.330297],[26.515583,55.329958],[26.514156,55.330833],[26.514072,55.33342],[26.511728,55.332381],[26.505055,55.333562],[26.502959,55.333214],[26.498226,55.334773],[26.494662,55.334285],[26.49319,55.335815],[26.491557,55.336068],[26.491712,55.337641],[26.489029,55.338134],[26.486858,55.337087],[26.486984,55.337997],[26.483428,55.339304],[26.480018,55.33857],[26.477108,55.340853],[26.47554,55.340399],[26.47541,55.341488],[26.474851,55.340717],[26.474089,55.341353],[26.473347,55.34025],[26.472017,55.341136],[26.465535,55.339385],[26.462623,55.339788],[26.459991,55.341291],[26.458452,55.341406],[26.457327,55.340501],[26.454669,55.341308],[26.453129,55.339736],[26.4517,55.340515],[26.451856,55.34199],[26.449369,55.341312],[26.444635,55.343801],[26.443169,55.346244],[26.439929,55.347935],[26.440605,55.349299],[26.445649,55.348769],[26.449808,55.351021],[26.455288,55.350679],[26.46325,55.354131],[26.471991,55.356722],[26.474811,55.370068],[26.480577,55.369482],[26.487864,55.373031],[26.494976,55.368909],[26.503397,55.369821],[26.511003,55.379454],[26.530766,55.384693],[26.554148,55.388833],[26.551934,55.396463],[26.55012,55.396145],[26.548001,55.407858],[26.559356,55.411088],[26.546368,55.429145],[26.542174,55.437065],[26.538729,55.439516],[26.540127,55.441335],[26.544363,55.442538],[26.560243,55.43809],[26.548478,55.446883],[26.541906,55.450654],[26.54946,55.4603],[26.556946,55.462631],[26.556953,55.463433],[26.550328,55.477282],[26.538795,55.484407],[26.539627,55.493843],[26.535974,55.498101],[26.531531,55.500962],[26.524219,55.509923],[26.53411,55.524881],[26.545924,55.527103],[26.548488,55.526782],[26.549219,55.525269],[26.550744,55.525288],[26.552703,55.525908],[26.553378,55.527168],[26.558222,55.527151],[26.562331,55.531775],[26.565762,55.531385],[26.564987,55.533523],[26.566046,55.534101],[26.569047,55.533799],[26.57115,55.534756],[26.573092,55.534287],[26.574575,55.535512],[26.57738,55.535873],[26.578844,55.534906],[26.581401,55.535456],[26.583267,55.536417],[26.583208,55.537376],[26.585296,55.537494],[26.587213,55.538874],[26.587815,55.542227],[26.585829,55.543356],[26.587111,55.544568],[26.586354,55.546241],[26.591067,55.547539],[26.598869,55.55169],[26.598633,55.55503],[26.604152,55.556365],[26.60547,55.559022],[26.608302,55.560679],[26.607934,55.562344],[26.61091,55.563136],[26.613425,55.565691],[26.615252,55.565608],[26.619522,55.563069],[26.623702,55.565616],[26.620517,55.568877],[26.621555,55.570095],[26.627855,55.572312],[26.636183,55.59749],[26.632368,55.608198],[26.637654,55.654148],[26.630906,55.658862],[26.632164,55.673218],[26.630362,55.680669],[26.618789,55.681136],[26.597454,55.67465],[26.592826,55.676538],[26.588133,55.676356],[26.583207,55.67513],[26.575521,55.675943],[26.572672,55.678281],[26.572392,55.680074],[26.558118,55.679409],[26.555926,55.678265],[26.554595,55.679153],[26.551378,55.678904],[26.546769,55.676948],[26.545329,55.678215],[26.542485,55.676788],[26.540247,55.677379],[26.531009,55.676934],[26.528525,55.678398],[26.519397,55.679153],[26.513735,55.682605],[26.512394,55.68427],[26.512345,55.687312],[26.507784,55.687206],[26.505239,55.685948],[26.502722,55.685768],[26.492901,55.687969],[26.490013,55.693542],[26.490992,55.695965],[26.484074,55.696],[26.478563,55.697985],[26.476495,55.70007],[26.471566,55.702352],[26.467923,55.703452],[26.459673,55.70336],[26.457217,55.706317],[26.446272,55.706836],[26.442742,55.708936],[26.428551,55.710655],[26.417972,55.708723],[26.411794,55.709953],[26.411138,55.711207],[26.403216,55.711353],[26.402219,55.710589],[26.392433,55.708865],[26.390019,55.705325],[26.38583,55.704531],[26.375627,55.709396],[26.371263,55.722481],[26.365536,55.731542],[26.35003,55.742385],[26.339447,55.743866],[26.337296,55.742875],[26.332844,55.743892],[26.331582,55.742203],[26.330441,55.742974],[26.327955,55.742434],[26.327161,55.741416],[26.3232,55.742148],[26.322186,55.743417],[26.31903,55.74243],[26.313664,55.742766],[26.308231,55.74482],[26.298885,55.751807],[26.286627,55.758827],[26.268621,55.767726],[26.257797,55.783385],[26.231221,55.812432],[26.230964,55.814248],[26.235596,55.819791],[26.229389,55.83821],[26.203744,55.858888],[26.18391,55.868505],[26.173234,55.865368],[26.151147,55.87679],[26.120283,55.879457],[26.109739,55.88915],[26.103223,55.892234],[26.089994,55.900913],[26.084184,55.909734],[26.063704,55.930168],[26.054976,55.934788],[26.045753,55.944521],[26.035488,55.944468],[26.013761,55.942257],[26.005978,55.942953],[25.999933,55.935161],[25.978234,55.92398],[25.970412,55.921827],[25.966387,55.910018],[25.964655,55.908366],[25.969892,55.906005],[25.981346,55.897466],[25.988048,55.889418],[25.984393,55.885743],[25.979072,55.885532],[25.976427,55.886155],[25.976744,55.88525],[25.975006,55.883926],[25.97073,55.882436],[25.97124,55.881752],[25.970194,55.88129],[25.972525,55.879379],[25.965624,55.877219],[25.964692,55.876284],[25.966677,55.875013],[25.96418,55.874582],[25.96415,55.872781],[25.967901,55.871071],[25.969064,55.872201],[25.97231,55.872165],[25.972068,55.871223],[25.974153,55.869964],[25.97224,55.869343],[25.967179,55.870778],[25.966501,55.865283],[25.964461,55.867247],[25.903173,55.862362],[25.902135,55.860213],[25.903809,55.857555],[25.903332,55.855021],[25.904667,55.851309],[25.901795,55.848131],[25.904919,55.846435],[25.905115,55.844926],[25.902669,55.84311],[25.902916,55.842117],[25.896213,55.840784],[25.894003,55.83882],[25.89765,55.835128],[25.903623,55.837159],[25.906352,55.836708],[25.906958,55.83584],[25.906373,55.834509],[25.904997,55.834658],[25.904169,55.831529],[25.905434,55.830386],[25.904187,55.829597],[25.905705,55.828485],[25.914044,55.829276],[25.913916,55.827218],[25.91125,55.827194],[25.910853,55.825494],[25.907094,55.825001],[25.906727,55.82398],[25.8971,55.821209],[25.895276,55.819626],[25.89111,55.819248],[25.886192,55.820696],[25.882741,55.820295],[25.881709,55.8221],[25.877391,55.821524],[25.876234,55.821989],[25.871916,55.820827],[25.865513,55.822384],[25.866993,55.823783],[25.868629,55.823297],[25.867471,55.825214],[25.870802,55.826428],[25.867674,55.829176],[25.862145,55.827777],[25.857278,55.83198],[25.848411,55.834074],[25.844894,55.833664],[25.840063,55.835245],[25.842423,55.829423],[25.841029,55.826004],[25.842693,55.821771],[25.840526,55.815766],[25.836613,55.814614],[25.836492,55.813958],[25.837495,55.813232],[25.839105,55.813785],[25.84069,55.813348],[25.840902,55.812272],[25.836298,55.810837],[25.832712,55.813892],[25.832079,55.815265],[25.833404,55.815644],[25.831757,55.816234],[25.828814,55.816417],[25.824847,55.814565],[25.831205,55.810992],[25.835369,55.806199],[25.832226,55.805549],[25.832125,55.803415],[25.836761,55.801744],[25.838628,55.796867],[25.833646,55.792452],[25.831051,55.791591],[25.831366,55.790172],[25.8342,55.789275],[25.831914,55.78872],[25.828946,55.78925],[25.828753,55.782567],[25.824155,55.777602],[25.822533,55.773496],[25.81513,55.770801],[25.809752,55.77207],[25.800908,55.771311],[25.795091,55.773076],[25.789745,55.773743],[25.783948,55.778449],[25.779789,55.777464],[25.772595,55.778673],[25.769417,55.781487],[25.761829,55.781593],[25.76125,55.78273],[25.757709,55.783151],[25.754195,55.784913],[25.755444,55.785562],[25.752519,55.786453],[25.748222,55.7859],[25.745953,55.784004],[25.744868,55.779822],[25.746916,55.779654],[25.747225,55.777907],[25.744912,55.778927],[25.739063,55.779538],[25.730329,55.778492],[25.729576,55.777625],[25.731235,55.775447],[25.726419,55.764035],[25.727691,55.760584],[25.725831,55.75969],[25.72164,55.759485],[25.719109,55.757537],[25.721217,55.756292],[25.728291,55.757037],[25.729601,55.751579],[25.729246,55.748397],[25.727697,55.746875],[25.728691,55.744341],[25.724445,55.739623],[25.718505,55.741519],[25.717007,55.74138],[25.716755,55.739983],[25.718231,55.738417],[25.714651,55.73562],[25.712147,55.73085],[25.703916,55.726438],[25.701155,55.723248],[25.686253,55.714926],[25.682269,55.721618],[25.68509,55.725671],[25.683768,55.726235],[25.683181,55.733707],[25.681454,55.734945],[25.680453,55.74091],[25.669186,55.741502],[25.668858,55.740255],[25.666477,55.740632],[25.660436,55.739222],[25.658768,55.738198],[25.659916,55.735622],[25.657947,55.734411],[25.653229,55.733568],[25.648699,55.731248],[25.646157,55.731498],[25.64535,55.730422],[25.627602,55.73496],[25.624419,55.734794],[25.618498,55.737488],[25.613498,55.73464],[25.611682,55.734439],[25.609009,55.735911],[25.609395,55.737507],[25.604313,55.738973],[25.607442,55.741312],[25.606887,55.743083],[25.604445,55.743225],[25.604731,55.741993],[25.603578,55.741342],[25.600225,55.742751],[25.59336,55.738973],[25.590373,55.731237],[25.582567,55.721601],[25.5676,55.725624],[25.563238,55.728132],[25.543013,55.730958],[25.53706,55.718787],[25.528246,55.719891],[25.525618,55.71907],[25.495626,55.72605],[25.497594,55.730234],[25.503072,55.735654],[25.473321,55.742648],[25.464664,55.7314],[25.440573,55.739197],[25.424809,55.749972],[25.424068,55.751438],[25.403153,55.758227],[25.405165,55.761052],[25.404056,55.762],[25.399485,55.76106],[25.399504,55.759259],[25.395487,55.757597],[25.393134,55.759533],[25.390616,55.764124],[25.375786,55.759907],[25.365332,55.761648],[25.363466,55.761001],[25.363113,55.760207],[25.365268,55.758376],[25.364527,55.757538],[25.365908,55.757034],[25.361874,55.756859],[25.362579,55.755236],[25.359644,55.754884],[25.361322,55.753555],[25.359055,55.752676],[25.357364,55.749324],[25.353076,55.746463],[25.348655,55.747103],[25.342069,55.741994],[25.334083,55.732236],[25.332434,55.733913],[25.320787,55.737299],[25.295917,55.733104],[25.298293,55.717005],[25.303198,55.714867],[25.311117,55.71415],[25.300491,55.701754],[25.292906,55.703403],[25.281046,55.708694],[25.266181,55.717297],[25.238619,55.714295],[25.239325,55.71311],[25.099531,55.682341],[25.087436,55.699771],[25.091445,55.703316],[25.094361,55.703523],[25.092632,55.70679],[25.086356,55.704403],[25.085459,55.708954],[25.095299,55.715499],[25.093808,55.716526],[25.086139,55.714],[25.084633,55.717469],[25.08183,55.716407],[25.077828,55.718788],[25.064317,55.715555],[25.055087,55.721213],[25.044665,55.723666],[25.028457,55.726089],[25.01015,55.731615],[25.003727,55.727529],[25.001536,55.727491],[24.998745,55.726228],[24.997689,55.72955],[24.995945,55.729805],[24.994471,55.732172],[24.987878,55.733012],[24.977697,55.736057],[24.969588,55.735515],[24.965626,55.733461],[24.963226,55.730838],[24.950266,55.723765],[24.936697,55.719312],[24.924536,55.717849],[24.912848,55.72277],[24.88959,55.726294],[24.889472,55.722039],[24.866782,55.72013],[24.871168,55.717065],[24.869203,55.706423],[24.866105,55.704762],[24.862781,55.70902],[24.854168,55.704464],[24.844255,55.712366],[24.841659,55.716638],[24.828145,55.723491],[24.791136,55.710387],[24.775626,55.710927],[24.762287,55.717486],[24.761248,55.716547],[24.757025,55.716678],[24.748525,55.712623],[24.735277,55.716172],[24.722719,55.725342],[24.715657,55.720753],[24.723659,55.705834],[24.720001,55.697827],[24.721685,55.69702],[24.721225,55.693748],[24.719877,55.692472],[24.720428,55.690311],[24.714421,55.686851],[24.713308,55.684229],[24.718162,55.683832],[24.718747,55.680917],[24.739399,55.680191],[24.740593,55.676558],[24.748279,55.674941],[24.751216,55.673181],[24.748316,55.670532],[24.743065,55.670628],[24.74093,55.6683],[24.73672,55.666813],[24.735866,55.662253],[24.731273,55.656516],[24.727638,55.655582],[24.702233,55.664715],[24.709046,55.67126],[24.698647,55.669681],[24.69491,55.671316],[24.690839,55.669309],[24.68948,55.665538],[24.674808,55.664948],[24.673355,55.667615],[24.654828,55.665322],[24.65641,55.65437],[24.662336,55.654157],[24.658814,55.647642]]]}},{"type":"Feature","properties":{"display_name":"Vilniaus apskritis","feature_type":"county","suggested_code":"VA","county_code":"VA","city_code":"VM","iata_region":"VNO","mc:scopes":"lt vno va","mc:region":"va","mc:iata":"vno","priority":1},"geometry":{"type":"Polygon","coordinates":[[[24.555363,55.106851],[24.557455,55.107338],[24.559753,55.106544],[24.563344,55.108585],[24.560128,55.110272],[24.561091,55.11132],[24.565016,55.11154],[24.570213,55.110543],[24.570034,55.111434],[24.567967,55.112183],[24.567397,55.11325],[24.568411,55.113712],[24.575964,55.11116],[24.580844,55.111633],[24.582172,55.11016],[24.579615,55.109564],[24.578286,55.107607],[24.578884,55.106817],[24.582758,55.107174],[24.584227,55.105816],[24.583107,55.10406],[24.579754,55.102978],[24.581408,55.102144],[24.581555,55.100841],[24.585403,55.099803],[24.581573,55.095475],[24.584436,55.09405],[24.586459,55.091499],[24.589996,55.090984],[24.592112,55.089857],[24.59157,55.087031],[24.587051,55.084952],[24.585725,55.080777],[24.587572,55.07983],[24.591509,55.081768],[24.596739,55.08142],[24.59231,55.07765],[24.59137,55.075915],[24.592083,55.074608],[24.594491,55.074353],[24.597049,55.076117],[24.601779,55.077022],[24.602969,55.076234],[24.601535,55.074702],[24.601988,55.073795],[24.606683,55.073365],[24.61143,55.074803],[24.615418,55.074511],[24.615131,55.072951],[24.623472,55.066954],[24.623242,55.065569],[24.63006,55.064576],[24.630414,55.063756],[24.628181,55.061622],[24.63234,55.061375],[24.633534,55.057532],[24.631836,55.056807],[24.630271,55.057806],[24.62782,55.056238],[24.631248,55.055337],[24.630544,55.053324],[24.633284,55.050254],[24.63432,55.050123],[24.637034,55.052453],[24.63922,55.052786],[24.640521,55.05184],[24.644246,55.051474],[24.64654,55.049289],[24.636924,55.045491],[24.635586,55.043564],[24.623371,55.044428],[24.624156,55.042568],[24.614532,55.039244],[24.617261,55.037163],[24.624222,55.036843],[24.624849,55.034168],[24.622912,55.033907],[24.622411,55.030442],[24.609015,55.030188],[24.608923,55.029348],[24.586124,55.028094],[24.591036,55.018208],[24.588037,55.017901],[24.587435,55.016706],[24.589104,55.012723],[24.559458,55.00449],[24.561495,55.00211],[24.558714,55.001151],[24.557566,54.999501],[24.560621,54.996157],[24.55708,54.994445],[24.55911,54.99215],[24.555634,54.99203],[24.551775,54.990679],[24.567773,54.985444],[24.57292,54.979964],[24.576763,54.978092],[24.579991,54.973279],[24.594233,54.971834],[24.604798,54.973687],[24.617542,54.974698],[24.620047,54.974225],[24.622169,54.972806],[24.623609,54.968938],[24.631183,54.966826],[24.629963,54.961661],[24.636478,54.959273],[24.637881,54.956134],[24.645488,54.954955],[24.651279,54.951122],[24.654849,54.95083],[24.66243,54.951669],[24.669574,54.950261],[24.681655,54.9445],[24.684144,54.942004],[24.683897,54.938886],[24.689421,54.934042],[24.689093,54.928682],[24.690592,54.926849],[24.694726,54.927197],[24.701224,54.930309],[24.705773,54.929013],[24.708679,54.929044],[24.717346,54.932723],[24.725515,54.932597],[24.731066,54.93123],[24.743807,54.932289],[24.748797,54.931708],[24.760487,54.925999],[24.76202,54.920671],[24.76579,54.918539],[24.779883,54.916356],[24.789891,54.911852],[24.796776,54.911507],[24.798862,54.910465],[24.799278,54.907606],[24.801222,54.905714],[24.80698,54.905598],[24.810225,54.904119],[24.81146,54.901981],[24.808948,54.8953],[24.81073,54.891001],[24.809572,54.887218],[24.798548,54.878723],[24.794962,54.877802],[24.79051,54.878526],[24.783312,54.878289],[24.780369,54.876387],[24.775926,54.875795],[24.774603,54.878653],[24.770754,54.875049],[24.762408,54.877625],[24.752536,54.876767],[24.755026,54.87346],[24.759833,54.871804],[24.752163,54.871516],[24.763929,54.824707],[24.76208,54.824405],[24.761328,54.82328],[24.754998,54.823668],[24.753634,54.824584],[24.758066,54.82691],[24.755109,54.828583],[24.753045,54.827139],[24.747373,54.825586],[24.748979,54.821076],[24.746174,54.819289],[24.743534,54.821783],[24.744108,54.823044],[24.742639,54.823661],[24.737899,54.820697],[24.731905,54.823469],[24.730199,54.822928],[24.732229,54.822504],[24.732181,54.819826],[24.730466,54.819773],[24.73192,54.817614],[24.72934,54.815692],[24.72269,54.818963],[24.718045,54.817005],[24.713014,54.817369],[24.708871,54.816501],[24.697904,54.821026],[24.682835,54.821079],[24.666144,54.82257],[24.619286,54.829981],[24.615063,54.827217],[24.60716,54.81401],[24.603579,54.815485],[24.591576,54.810241],[24.584333,54.81158],[24.584,54.8143],[24.577163,54.814766],[24.56368,54.811962],[24.555574,54.817141],[24.541305,54.819863],[24.543225,54.803133],[24.534753,54.802332],[24.529813,54.799859],[24.533024,54.798822],[24.535235,54.799195],[24.545222,54.797865],[24.585304,54.795151],[24.584529,54.78622],[24.580278,54.785808],[24.576877,54.786421],[24.575847,54.785636],[24.581716,54.781101],[24.581823,54.780148],[24.577287,54.778918],[24.575858,54.777267],[24.573133,54.776623],[24.570975,54.77428],[24.580549,54.765911],[24.574573,54.764843],[24.572165,54.766445],[24.565984,54.767009],[24.568501,54.758167],[24.558833,54.757691],[24.560011,54.753861],[24.556227,54.751537],[24.556278,54.75004],[24.559707,54.741774],[24.548986,54.740143],[24.551888,54.737136],[24.547985,54.737555],[24.545935,54.73597],[24.547341,54.732166],[24.543554,54.73203],[24.541126,54.734275],[24.510648,54.730586],[24.503888,54.729119],[24.505486,54.72721],[24.503189,54.724176],[24.503739,54.721938],[24.499539,54.714833],[24.501752,54.713133],[24.501113,54.712118],[24.490159,54.716319],[24.48667,54.710497],[24.489655,54.704452],[24.497223,54.701445],[24.484187,54.70005],[24.480657,54.693408],[24.475458,54.69578],[24.464136,54.683246],[24.46453,54.680335],[24.471496,54.665512],[24.465203,54.66228],[24.468145,54.646342],[24.472885,54.635987],[24.457257,54.631247],[24.46174,54.629489],[24.463805,54.630881],[24.472026,54.630263],[24.476579,54.626486],[24.477278,54.621761],[24.480341,54.620194],[24.473466,54.61781],[24.488233,54.607383],[24.484389,54.60393],[24.48141,54.602813],[24.479025,54.604364],[24.472923,54.605422],[24.469482,54.609168],[24.465093,54.607524],[24.461597,54.604275],[24.460552,54.600873],[24.461765,54.600501],[24.459863,54.598544],[24.460407,54.597907],[24.456822,54.595237],[24.463303,54.59265],[24.4668,54.592008],[24.468681,54.59278],[24.47264,54.590387],[24.464121,54.587453],[24.458032,54.588811],[24.452285,54.588733],[24.442945,54.591069],[24.446891,54.591199],[24.448218,54.593204],[24.449652,54.59319],[24.449782,54.594719],[24.451121,54.594681],[24.451863,54.595789],[24.447381,54.596993],[24.445159,54.597002],[24.444061,54.594963],[24.440693,54.59401],[24.438406,54.594344],[24.439746,54.588821],[24.43845,54.588831],[24.435284,54.591368],[24.432597,54.596849],[24.42606,54.597303],[24.423728,54.59546],[24.427175,54.592942],[24.426606,54.590028],[24.423232,54.587892],[24.424683,54.577607],[24.4155,54.568537],[24.421886,54.560845],[24.420377,54.556188],[24.419596,54.544458],[24.421779,54.542948],[24.41998,54.541451],[24.41548,54.532794],[24.414297,54.53328],[24.413196,54.52945],[24.408989,54.526341],[24.40671,54.527176],[24.405338,54.524844],[24.413176,54.523462],[24.413503,54.521032],[24.409214,54.520912],[24.40435,54.519146],[24.407175,54.516569],[24.413665,54.51505],[24.414949,54.514088],[24.4179,54.514017],[24.419832,54.515292],[24.424056,54.513395],[24.416221,54.511636],[24.408652,54.511507],[24.409426,54.504956],[24.416747,54.504965],[24.418901,54.489875],[24.404086,54.487017],[24.402028,54.483084],[24.393822,54.483315],[24.40123,54.473486],[24.417385,54.47345],[24.433891,54.463823],[24.435573,54.458944],[24.433195,54.457247],[24.433269,54.454682],[24.438417,54.451595],[24.424269,54.442754],[24.416995,54.435903],[24.415869,54.426663],[24.423953,54.42534],[24.423757,54.427521],[24.42795,54.428255],[24.429407,54.427044],[24.432658,54.42768],[24.434459,54.431016],[24.436572,54.431106],[24.436436,54.426399],[24.437457,54.425445],[24.438443,54.42736],[24.448116,54.424435],[24.475353,54.423882],[24.480064,54.422643],[24.483792,54.423059],[24.48464,54.422297],[24.490231,54.422363],[24.501438,54.423679],[24.503213,54.425503],[24.502979,54.428044],[24.545708,54.429851],[24.540062,54.424646],[24.538488,54.421643],[24.539466,54.42197],[24.540133,54.417518],[24.559728,54.411948],[24.559007,54.418387],[24.572125,54.417515],[24.569669,54.413893],[24.574356,54.414035],[24.574293,54.410801],[24.584581,54.413069],[24.585498,54.417862],[24.58253,54.419533],[24.586045,54.421332],[24.586193,54.431518],[24.596833,54.427762],[24.608059,54.432191],[24.614496,54.43233],[24.616889,54.435672],[24.61366,54.437221],[24.619176,54.441176],[24.643823,54.43872],[24.645602,54.439751],[24.65525,54.43942],[24.657694,54.44639],[24.659774,54.446176],[24.663912,54.44763],[24.668164,54.447755],[24.681161,54.440525],[24.680443,54.439579],[24.682412,54.438496],[24.681145,54.43795],[24.68205,54.435701],[24.68632,54.436615],[24.689176,54.432774],[24.691463,54.432284],[24.696877,54.432952],[24.698746,54.431602],[24.704327,54.432991],[24.708831,54.431206],[24.720422,54.429354],[24.721147,54.412571],[24.713036,54.412379],[24.706567,54.408687],[24.7072,54.404512],[24.711903,54.398482],[24.710081,54.397147],[24.711758,54.39477],[24.717618,54.393015],[24.718594,54.39076],[24.721234,54.389966],[24.721353,54.388373],[24.726343,54.393441],[24.730155,54.39342],[24.730866,54.399296],[24.733933,54.40342],[24.736795,54.405414],[24.745624,54.397477],[24.747578,54.39693],[24.749639,54.399457],[24.803249,54.405397],[24.804177,54.398381],[24.827961,54.400835],[24.829485,54.398165],[24.846478,54.397908],[24.843025,54.406272],[24.854717,54.40826],[24.853037,54.413426],[24.855582,54.413732],[24.857533,54.410879],[24.868085,54.411085],[24.86783,54.412532],[24.873286,54.415436],[24.902694,54.418723],[24.903613,54.417444],[24.904691,54.41766],[24.90526,54.415841],[24.904059,54.413071],[24.906314,54.412003],[24.906794,54.410217],[24.911493,54.409737],[24.915748,54.416258],[24.918502,54.4168],[24.917212,54.418051],[24.921903,54.425073],[24.941046,54.430988],[24.942269,54.428068],[24.946347,54.428444],[24.95332,54.429936],[24.952972,54.432559],[24.962799,54.43418],[24.976078,54.431386],[24.987467,54.43739],[24.991613,54.43718],[24.992087,54.435316],[25.007209,54.436853],[25.011752,54.439729],[25.019632,54.441527],[25.024981,54.425029],[25.009197,54.422943],[25.017442,54.398457],[24.994487,54.395873],[24.997443,54.38296],[24.957948,54.379107],[24.956805,54.380248],[24.945296,54.37889],[24.924922,54.375102],[24.928635,54.362794],[24.91258,54.361148],[24.918272,54.342067],[24.912229,54.341451],[24.914171,54.339426],[24.919674,54.33829],[24.921595,54.337095],[24.923969,54.337792],[24.927863,54.335854],[24.921729,54.325783],[24.933947,54.294906],[24.881287,54.293606],[24.877249,54.289663],[24.873379,54.288852],[24.874967,54.287633],[24.875177,54.284],[24.889129,54.275357],[24.882644,54.273832],[24.864545,54.273285],[24.863029,54.269974],[24.856578,54.268977],[24.85649,54.25627],[24.842779,54.25682],[24.842802,54.255116],[24.841322,54.254489],[24.839386,54.255714],[24.837672,54.25352],[24.834781,54.252017],[24.82401,54.254764],[24.82172,54.250948],[24.821652,54.249698],[24.822877,54.249585],[24.82298,54.246077],[24.818158,54.245701],[24.816999,54.249149],[24.811374,54.249159],[24.810669,54.246417],[24.814131,54.235051],[24.813707,54.233497],[24.804345,54.233414],[24.786713,54.234575],[24.782518,54.229031],[24.779559,54.226876],[24.774924,54.227381],[24.76972,54.229148],[24.755446,54.223322],[24.761011,54.220707],[24.764048,54.220568],[24.764004,54.219262],[24.758764,54.218902],[24.759051,54.20029],[24.768054,54.200321],[24.768558,54.191349],[24.769809,54.19292],[24.776152,54.191249],[24.778517,54.191784],[24.777466,54.1952],[24.783912,54.195362],[24.791481,54.194059],[24.796563,54.192183],[24.801363,54.192341],[24.809312,54.185908],[24.811324,54.1869],[24.816839,54.187108],[24.818499,54.174248],[24.824311,54.17492],[24.825968,54.173249],[24.817501,54.16774],[24.824124,54.163045],[24.822236,54.162083],[24.827054,54.161118],[24.838197,54.146828],[24.847736,54.147275],[24.858107,54.149824],[24.862736,54.149098],[24.863827,54.147477],[24.865804,54.146975],[24.872712,54.148972],[24.881294,54.150342],[24.896083,54.15572],[24.903857,54.156123],[24.910399,54.159603],[24.913326,54.159051],[24.9209,54.160222],[24.921773,54.162246],[24.92685,54.165249],[24.930201,54.166157],[24.933438,54.1648],[24.934825,54.165679],[24.943686,54.16758],[24.949801,54.170063],[24.953015,54.170056],[24.957373,54.172057],[24.961814,54.168625],[24.966969,54.170362],[24.976214,54.16547],[24.98138,54.160123],[24.976831,54.158855],[24.982936,54.155208],[24.98433,54.149093],[24.992929,54.144231],[25.006075,54.142413],[25.015806,54.13752],[25.029116,54.136394],[25.055228,54.137504],[25.064339,54.134493],[25.070634,54.133653],[25.074424,54.136069],[25.077037,54.142681],[25.079346,54.143669],[25.087151,54.144383],[25.09143,54.145995],[25.094497,54.150384],[25.108688,54.159844],[25.11615,54.166582],[25.126129,54.172222],[25.139333,54.183422],[25.143932,54.1839],[25.146016,54.186642],[25.158824,54.189438],[25.162819,54.191603],[25.160898,54.195004],[25.161304,54.199563],[25.176138,54.204062],[25.176991,54.205583],[25.181843,54.207937],[25.184482,54.207718],[25.188674,54.208814],[25.191877,54.211635],[25.19572,54.213061],[25.197363,54.214518],[25.196302,54.215122],[25.196775,54.217524],[25.202091,54.220657],[25.20426,54.22424],[25.204111,54.229767],[25.205966,54.233656],[25.205131,54.236916],[25.206302,54.238321],[25.212136,54.240188],[25.214,54.241881],[25.215407,54.248804],[25.214394,54.249887],[25.215875,54.250595],[25.214852,54.251705],[25.21712,54.253385],[25.215536,54.253574],[25.217006,54.254307],[25.214887,54.255932],[25.217777,54.257463],[25.234395,54.263352],[25.242165,54.256327],[25.251613,54.251064],[25.270028,54.275314],[25.271516,54.275127],[25.272509,54.273844],[25.273021,54.274387],[25.274948,54.274159],[25.276164,54.272924],[25.275381,54.272489],[25.277393,54.271924],[25.277484,54.271218],[25.275801,54.271044],[25.27751,54.269745],[25.27898,54.270277],[25.281027,54.268544],[25.284138,54.26792],[25.283766,54.266724],[25.285612,54.266859],[25.286037,54.265832],[25.287534,54.266057],[25.288542,54.26334],[25.291075,54.261707],[25.293503,54.26168],[25.295328,54.262759],[25.297683,54.261501],[25.29929,54.262122],[25.30203,54.26114],[25.311247,54.262218],[25.321395,54.261972],[25.333813,54.264438],[25.336846,54.266528],[25.33812,54.265511],[25.339184,54.266397],[25.340523,54.266231],[25.340271,54.26498],[25.342856,54.264942],[25.346166,54.262893],[25.34568,54.263979],[25.346932,54.264276],[25.353655,54.263978],[25.36019,54.267038],[25.365183,54.271639],[25.373176,54.273352],[25.376712,54.272763],[25.381031,54.278123],[25.395362,54.274222],[25.395775,54.275764],[25.397241,54.275473],[25.405464,54.279337],[25.40957,54.287292],[25.41989,54.288871],[25.43405,54.295602],[25.443562,54.29571],[25.443744,54.297756],[25.455202,54.297964],[25.453391,54.291412],[25.459055,54.290926],[25.463664,54.291893],[25.465037,54.291621],[25.466071,54.289804],[25.467849,54.290172],[25.468207,54.293128],[25.478121,54.294239],[25.478012,54.294912],[25.479703,54.295073],[25.479589,54.299163],[25.480816,54.299178],[25.480958,54.302406],[25.493987,54.302041],[25.499787,54.300204],[25.496526,54.30397],[25.496606,54.309335],[25.497022,54.309794],[25.502954,54.308834],[25.503138,54.310098],[25.512584,54.308508],[25.51367,54.307786],[25.511122,54.301297],[25.514285,54.29818],[25.514693,54.293675],[25.516972,54.291926],[25.520201,54.280907],[25.522958,54.281574],[25.529222,54.279039],[25.538149,54.278723],[25.542821,54.275972],[25.557394,54.273231],[25.563098,54.274848],[25.565492,54.270398],[25.559508,54.266436],[25.557396,54.266828],[25.552203,54.265726],[25.555518,54.26307],[25.560413,54.263519],[25.562703,54.262494],[25.564455,54.256888],[25.568418,54.257457],[25.571977,54.251719],[25.567405,54.251145],[25.570561,54.245682],[25.584585,54.234239],[25.588455,54.233327],[25.590046,54.232182],[25.589357,54.22503],[25.581173,54.225798],[25.576162,54.224676],[25.572358,54.229026],[25.570597,54.228634],[25.568367,54.230028],[25.565713,54.230231],[25.565673,54.231772],[25.564182,54.232526],[25.558278,54.228221],[25.547368,54.22773],[25.549065,54.221335],[25.54628,54.221204],[25.556417,54.216889],[25.559635,54.217692],[25.561827,54.217013],[25.563984,54.213696],[25.565387,54.207318],[25.562336,54.199215],[25.558611,54.198286],[25.555729,54.19551],[25.544748,54.192265],[25.54268,54.190856],[25.539497,54.190297],[25.538801,54.19122],[25.522349,54.186347],[25.516336,54.186337],[25.513646,54.181009],[25.511918,54.180226],[25.513635,54.179124],[25.510989,54.175074],[25.515333,54.175252],[25.518903,54.16797],[25.521516,54.166631],[25.523956,54.165643],[25.527079,54.168218],[25.530321,54.165875],[25.52937,54.16498],[25.530292,54.158506],[25.534455,54.158385],[25.533872,54.156032],[25.548497,54.152971],[25.555084,54.146192],[25.56148,54.149013],[25.564064,54.151126],[25.566093,54.151044],[25.586118,54.146785],[25.601938,54.14587],[25.601108,54.142524],[25.612325,54.141296],[25.622826,54.143384],[25.626954,54.142223],[25.622942,54.139141],[25.625927,54.136655],[25.629729,54.135559],[25.630495,54.133131],[25.628579,54.130796],[25.638956,54.127654],[25.640299,54.13086],[25.649975,54.128414],[25.653814,54.134925],[25.664114,54.140708],[25.670309,54.141481],[25.674348,54.140584],[25.677199,54.141601],[25.68138,54.141692],[25.684873,54.140697],[25.689408,54.148182],[25.687427,54.154949],[25.700019,54.158076],[25.707341,54.163635],[25.705174,54.166595],[25.701501,54.168485],[25.70363,54.168932],[25.710462,54.169236],[25.719093,54.167334],[25.72303,54.165703],[25.724477,54.162764],[25.73576,54.161623],[25.734597,54.156975],[25.739351,54.156186],[25.740844,54.161118],[25.765442,54.158906],[25.766561,54.160267],[25.772274,54.160004],[25.772649,54.161664],[25.774049,54.161931],[25.775176,54.161027],[25.777212,54.161396],[25.777794,54.159838],[25.782321,54.160293],[25.780962,54.159623],[25.781442,54.157869],[25.779466,54.158341],[25.780487,54.157677],[25.779505,54.15646],[25.780539,54.155462],[25.779041,54.155812],[25.779665,54.154577],[25.782754,54.155731],[25.78342,54.154029],[25.785372,54.154614],[25.788581,54.165195],[25.784264,54.164615],[25.783073,54.16813],[25.779096,54.167833],[25.778796,54.177746],[25.770479,54.183204],[25.777137,54.187724],[25.777155,54.189376],[25.78049,54.193604],[25.777312,54.197713],[25.777793,54.199559],[25.771936,54.204533],[25.767209,54.2059],[25.763331,54.208307],[25.758262,54.20933],[25.758204,54.212521],[25.755788,54.214104],[25.751978,54.214418],[25.751566,54.215022],[25.754258,54.216385],[25.750134,54.221919],[25.769259,54.226963],[25.767356,54.22814],[25.785727,54.233625],[25.784685,54.23801],[25.78067,54.236972],[25.774552,54.237519],[25.77073,54.241595],[25.756905,54.251698],[25.756551,54.254485],[25.75034,54.261604],[25.751644,54.262079],[25.746553,54.266008],[25.750893,54.268107],[25.743837,54.273165],[25.740457,54.271309],[25.736642,54.273695],[25.734552,54.272993],[25.728618,54.275167],[25.725544,54.273629],[25.721378,54.276328],[25.712789,54.271541],[25.698712,54.280533],[25.707791,54.285462],[25.699808,54.290613],[25.710632,54.296907],[25.708591,54.298454],[25.709644,54.298992],[25.704431,54.302306],[25.705288,54.303135],[25.69824,54.308641],[25.677162,54.323811],[25.661952,54.322232],[25.642542,54.310822],[25.636091,54.316468],[25.630352,54.318206],[25.62745,54.317454],[25.620179,54.310359],[25.589325,54.315921],[25.58723,54.322303],[25.552332,54.314995],[25.546524,54.323837],[25.549884,54.324677],[25.551591,54.326049],[25.548388,54.331703],[25.536033,54.3317],[25.532031,54.338342],[25.531935,54.341817],[25.539656,54.342464],[25.555902,54.342376],[25.562206,54.365824],[25.571367,54.367762],[25.593664,54.375368],[25.592398,54.376287],[25.591328,54.382019],[25.586994,54.386851],[25.585667,54.391431],[25.590513,54.401437],[25.59617,54.39698],[25.605122,54.39641],[25.618557,54.409306],[25.628927,54.417082],[25.632918,54.423542],[25.631174,54.424602],[25.627008,54.433554],[25.625836,54.433765],[25.624475,54.44031],[25.621511,54.440475],[25.621129,54.447135],[25.622532,54.447968],[25.61967,54.450572],[25.621121,54.450745],[25.623732,54.452974],[25.627042,54.453586],[25.626596,54.454815],[25.627701,54.455144],[25.62622,54.45633],[25.617241,54.459021],[25.612694,54.455897],[25.606057,54.456428],[25.602293,54.460852],[25.610816,54.463442],[25.612106,54.464822],[25.618081,54.467218],[25.620518,54.469408],[25.62815,54.471576],[25.63655,54.470862],[25.638932,54.472563],[25.640876,54.476027],[25.637712,54.477043],[25.641821,54.480065],[25.642952,54.483368],[25.649398,54.488795],[25.653947,54.498344],[25.656917,54.508566],[25.682378,54.536418],[25.69845,54.543267],[25.701707,54.546038],[25.703684,54.544963],[25.715657,54.549543],[25.734912,54.559025],[25.746701,54.562499],[25.750411,54.564707],[25.749791,54.568056],[25.759237,54.57426],[25.756346,54.575256],[25.76262,54.576901],[25.758763,54.580906],[25.761611,54.582587],[25.759345,54.585855],[25.759929,54.590729],[25.755133,54.592719],[25.757528,54.594635],[25.755399,54.595991],[25.75534,54.598965],[25.756869,54.599269],[25.758095,54.600964],[25.755547,54.605095],[25.755644,54.608213],[25.75268,54.610181],[25.752846,54.612366],[25.755343,54.614942],[25.756778,54.619415],[25.751289,54.624494],[25.74764,54.6253],[25.746011,54.626682],[25.74858,54.629039],[25.743735,54.632209],[25.748628,54.638454],[25.746,54.639962],[25.733991,54.677096],[25.734808,54.677679],[25.730302,54.682796],[25.73178,54.685153],[25.733644,54.685585],[25.738359,54.684603],[25.739842,54.686106],[25.737108,54.690967],[25.735341,54.701567],[25.742048,54.708563],[25.744565,54.715133],[25.746765,54.733658],[25.745367,54.753178],[25.748114,54.758341],[25.749493,54.764493],[25.739974,54.778534],[25.73887,54.785054],[25.734655,54.795743],[25.735294,54.799193],[25.733704,54.800347],[25.733871,54.802376],[25.741556,54.809484],[25.742983,54.815064],[25.745748,54.817356],[25.748262,54.818206],[25.751745,54.823676],[25.755705,54.822012],[25.771144,54.822466],[25.773481,54.823279],[25.777808,54.827527],[25.778829,54.834601],[25.784319,54.839729],[25.779154,54.843241],[25.77815,54.851619],[25.779221,54.854291],[25.784525,54.858648],[25.79125,54.85886],[25.795437,54.85993],[25.79677,54.862364],[25.802057,54.864195],[25.802094,54.865944],[25.803877,54.865631],[25.804748,54.866359],[25.80537,54.865901],[25.805361,54.86683],[25.806625,54.866412],[25.809745,54.867767],[25.809298,54.870517],[25.810453,54.871434],[25.809629,54.872126],[25.811056,54.871787],[25.811834,54.873465],[25.813181,54.872225],[25.816486,54.873027],[25.816551,54.874826],[25.813437,54.874932],[25.81358,54.877425],[25.816708,54.879341],[25.819638,54.8797],[25.821273,54.878688],[25.822933,54.879325],[25.822005,54.880025],[25.823582,54.880886],[25.823858,54.883877],[25.829976,54.884095],[25.831906,54.885957],[25.835105,54.886595],[25.83778,54.889383],[25.841705,54.890099],[25.844239,54.893738],[25.846432,54.893436],[25.847147,54.894534],[25.853119,54.896567],[25.854228,54.901007],[25.857394,54.905348],[25.859219,54.905796],[25.856614,54.906846],[25.857479,54.908019],[25.853853,54.911426],[25.856451,54.912713],[25.857756,54.916665],[25.860422,54.91848],[25.853225,54.919161],[25.857818,54.9276],[25.877929,54.929821],[25.879469,54.933264],[25.883614,54.93667],[25.889643,54.936203],[25.908381,54.931387],[25.9162,54.934133],[25.918806,54.936706],[25.927762,54.937675],[25.945238,54.946342],[25.943825,54.947488],[25.955644,54.950822],[25.960689,54.950314],[25.963756,54.952461],[25.976123,54.95528],[25.978972,54.953834],[25.983952,54.957828],[25.98905,54.958012],[25.990422,54.957891],[25.990334,54.951723],[26.023254,54.94306],[26.029405,54.94393],[26.036969,54.942572],[26.056468,54.94255],[26.061912,54.941609],[26.06417,54.943082],[26.052653,54.947459],[26.055349,54.949718],[26.072684,54.951615],[26.072427,54.952724],[26.080766,54.954695],[26.072701,54.963038],[26.075932,54.965087],[26.077193,54.968329],[26.076191,54.970112],[26.109836,54.971943],[26.11868,54.980001],[26.117964,54.986959],[26.11592,54.988576],[26.120767,54.989436],[26.127326,54.988568],[26.13427,54.986058],[26.139139,54.985356],[26.14184,54.985675],[26.146101,54.989231],[26.155273,54.991146],[26.156192,54.992366],[26.172178,54.993268],[26.176781,54.991855],[26.182475,54.992531],[26.181994,54.990218],[26.184705,54.990436],[26.18599,54.9916],[26.193534,54.993206],[26.200134,54.996007],[26.208513,54.997414],[26.208838,55.012402],[26.216777,55.014038],[26.216517,55.015733],[26.223403,55.020918],[26.225809,55.026373],[26.229923,55.028859],[26.233351,55.034549],[26.241844,55.040387],[26.240037,55.041258],[26.241394,55.041685],[26.240899,55.046436],[26.237505,55.046761],[26.237804,55.051042],[26.245037,55.051856],[26.24524,55.056528],[26.237128,55.057737],[26.2359,55.058744],[26.235453,55.060595],[26.237005,55.064551],[26.239664,55.064562],[26.246197,55.070079],[26.251542,55.06984],[26.263301,55.066345],[26.265802,55.070317],[26.261468,55.074084],[26.265293,55.074345],[26.271395,55.077589],[26.259834,55.084582],[26.260549,55.08483],[26.252358,55.092022],[26.249282,55.091089],[26.243048,55.096379],[26.243774,55.096716],[26.233325,55.101693],[26.229304,55.105608],[26.229634,55.107318],[26.2608,55.121354],[26.298538,55.124697],[26.30662,55.126789],[26.30754,55.128699],[26.311944,55.129052],[26.310383,55.131152],[26.303144,55.132303],[26.30217,55.133507],[26.305117,55.133472],[26.305034,55.134504],[26.323453,55.135508],[26.329179,55.136813],[26.324974,55.138285],[26.325552,55.140808],[26.323526,55.144934],[26.32925,55.146316],[26.33207,55.144474],[26.33987,55.146729],[26.340842,55.145165],[26.349996,55.146456],[26.355702,55.149466],[26.354683,55.150573],[26.367713,55.149064],[26.370757,55.149691],[26.383285,55.145733],[26.388427,55.141624],[26.392716,55.142816],[26.393485,55.141569],[26.392714,55.138521],[26.391221,55.137702],[26.391681,55.136345],[26.396183,55.133869],[26.40015,55.135745],[26.40294,55.135827],[26.404373,55.137352],[26.410456,55.138981],[26.411977,55.139626],[26.411374,55.140348],[26.413849,55.140966],[26.41669,55.140559],[26.414671,55.138707],[26.417596,55.136264],[26.423808,55.139811],[26.423662,55.140551],[26.430028,55.139188],[26.440532,55.134764],[26.450767,55.132984],[26.457427,55.136518],[26.461119,55.128562],[26.477521,55.137718],[26.480377,55.148688],[26.489303,55.153351],[26.493608,55.151083],[26.516889,55.16094],[26.539978,55.143235],[26.540535,55.144144],[26.542283,55.144077],[26.543438,55.14495],[26.544176,55.144159],[26.54663,55.144281],[26.546882,55.146189],[26.547958,55.146595],[26.550405,55.146047],[26.550536,55.144675],[26.552142,55.143783],[26.553551,55.143816],[26.554637,55.145354],[26.555791,55.145464],[26.555665,55.146584],[26.557026,55.146506],[26.556765,55.147809],[26.559397,55.148275],[26.559559,55.1491],[26.560852,55.148481],[26.565204,55.148776],[26.564999,55.150487],[26.570306,55.148568],[26.571706,55.149452],[26.574358,55.148645],[26.590377,55.153905],[26.592978,55.153744],[26.617888,55.146669],[26.631742,55.152666],[26.632958,55.151815],[26.641471,55.154928],[26.645066,55.158757],[26.653567,55.160993],[26.663669,55.156336],[26.668688,55.155974],[26.676485,55.158828],[26.67866,55.165986],[26.677924,55.170381],[26.694208,55.166837],[26.705852,55.172004],[26.703487,55.176771],[26.700403,55.178495],[26.695969,55.17658],[26.691283,55.179727],[26.687088,55.177656],[26.680134,55.187548],[26.676552,55.188796],[26.677206,55.195379],[26.674918,55.197382],[26.693625,55.205588],[26.700687,55.200535],[26.705383,55.202842],[26.709484,55.207272],[26.729708,55.215621],[26.725927,55.23807],[26.729763,55.242656],[26.731617,55.243016],[26.731415,55.245157],[26.734317,55.245823],[26.735282,55.24775],[26.738622,55.248427],[26.743382,55.251879],[26.743454,55.25399],[26.744653,55.254464],[26.742613,55.25544],[26.741387,55.253843],[26.739916,55.256598],[26.745367,55.25956],[26.748127,55.259703],[26.74896,55.260995],[26.751511,55.260283],[26.759363,55.262993],[26.75862,55.265179],[26.755198,55.265647],[26.687459,55.261943],[26.679856,55.262442],[26.667151,55.26148],[26.666139,55.260616],[26.664003,55.26116],[26.661248,55.260648],[26.661248,55.259783],[26.658389,55.258346],[26.660553,55.257073],[26.659448,55.255787],[26.659102,55.257217],[26.656984,55.257165],[26.65604,55.258582],[26.652977,55.259068],[26.652816,55.257519],[26.649753,55.259002],[26.649892,55.260301],[26.653829,55.261272],[26.653092,55.263345],[26.64973,55.263899],[26.649132,55.262496],[26.645171,55.263243],[26.645977,55.265225],[26.641303,55.263795],[26.642868,55.261944],[26.636236,55.262994],[26.632739,55.261136],[26.629813,55.260968],[26.628128,55.262383],[26.624729,55.261825],[26.622304,55.258896],[26.622984,55.257649],[26.619112,55.255055],[26.618037,55.256392],[26.611727,55.254329],[26.614766,55.25096],[26.619347,55.25159],[26.620023,55.249681],[26.628276,55.250219],[26.626663,55.246259],[26.623035,55.246011],[26.620287,55.247282],[26.61249,55.247118],[26.613643,55.241692],[26.616894,55.241119],[26.606589,55.234263],[26.597642,55.231334],[26.596582,55.228715],[26.567962,55.228529],[26.566027,55.228032],[26.567545,55.225023],[26.556425,55.223248],[26.553769,55.219481],[26.542763,55.223529],[26.540486,55.225629],[26.523909,55.225075],[26.523989,55.223638],[26.521491,55.22282],[26.517842,55.214695],[26.494206,55.217212],[26.485126,55.212641],[26.457801,55.218698],[26.450339,55.212527],[26.44985,55.209599],[26.448006,55.209412],[26.446597,55.21038],[26.440256,55.20985],[26.438751,55.213048],[26.429944,55.212171],[26.42054,55.21789],[26.407399,55.219306],[26.407491,55.216319],[26.400407,55.216134],[26.393698,55.219781],[26.391365,55.220058],[26.389638,55.222173],[26.385824,55.222497],[26.380459,55.224168],[26.373534,55.222878],[26.369658,55.223968],[26.361853,55.218896],[26.355814,55.220136],[26.341772,55.218994],[26.341366,55.221221],[26.338469,55.224866],[26.337005,55.225338],[26.336457,55.227036],[26.334196,55.225595],[26.33521,55.224576],[26.334551,55.223159],[26.330679,55.222648],[26.331239,55.220247],[26.326026,55.220074],[26.3082,55.224783],[26.295077,55.225121],[26.288456,55.229051],[26.283822,55.228892],[26.284388,55.232198],[26.282911,55.229883],[26.281361,55.229513],[26.281601,55.228731],[26.271053,55.225112],[26.269057,55.225519],[26.264034,55.223609],[26.263784,55.225458],[26.255198,55.226616],[26.229664,55.245593],[26.227645,55.242926],[26.225195,55.243808],[26.220099,55.239664],[26.221865,55.237826],[26.215711,55.2373],[26.212563,55.236249],[26.206795,55.236475],[26.2031,55.238135],[26.199092,55.235802],[26.198295,55.238796],[26.195708,55.240215],[26.195225,55.236396],[26.193017,55.234066],[26.190124,55.2335],[26.186171,55.222044],[26.184483,55.222003],[26.161215,55.225082],[26.160035,55.224568],[26.153651,55.224997],[26.153654,55.230641],[26.155706,55.231209],[26.155273,55.23211],[26.1584,55.234503],[26.160409,55.238203],[26.167792,55.245827],[26.169777,55.247353],[26.183151,55.251614],[26.174751,55.253492],[26.163617,55.258316],[26.150993,55.261395],[26.147998,55.263403],[26.149172,55.265377],[26.147955,55.273445],[26.149333,55.276057],[26.147456,55.277435],[26.139822,55.278706],[26.142719,55.279995],[26.141142,55.281282],[26.142987,55.283264],[26.146538,55.281752],[26.147482,55.282397],[26.14728,55.285274],[26.144513,55.287871],[26.138772,55.288555],[26.134393,55.286622],[26.131191,55.287065],[26.126502,55.2894],[26.1218,55.293631],[26.118673,55.291381],[26.114725,55.292912],[26.107839,55.290188],[26.105627,55.290534],[26.102468,55.288241],[26.095036,55.289476],[26.090526,55.292849],[26.087188,55.292059],[26.086744,55.292566],[26.080921,55.292105],[26.078158,55.293266],[26.075583,55.29322],[26.06891,55.296549],[26.060767,55.296292],[26.060139,55.302513],[26.062537,55.306904],[26.061748,55.309054],[26.058251,55.308782],[26.059541,55.307008],[26.056707,55.302235],[26.057698,55.29723],[26.055923,55.294646],[26.057199,55.292801],[26.064017,55.294072],[26.06106,55.291161],[26.059793,55.291049],[26.057961,55.292669],[26.056518,55.29231],[26.051239,55.293837],[26.047243,55.296957],[26.048029,55.298313],[26.046846,55.299113],[26.043136,55.296428],[26.044719,55.295106],[26.041991,55.293794],[26.036369,55.293724],[26.032405,55.291815],[26.02416,55.289828],[26.024517,55.28779],[26.019686,55.286631],[26.030889,55.287559],[26.037423,55.289582],[26.03959,55.288329],[26.042904,55.288212],[26.029259,55.276071],[26.022941,55.279176],[25.998043,55.277906],[25.993621,55.273531],[25.986028,55.2723],[25.984549,55.275048],[25.978125,55.27802],[25.974951,55.277577],[25.975805,55.278738],[25.967017,55.279609],[25.965954,55.281469],[25.961487,55.280918],[25.960681,55.282855],[25.952776,55.281807],[25.950299,55.279583],[25.946641,55.278627],[25.942735,55.280303],[25.940137,55.280076],[25.939577,55.286788],[25.929649,55.286621],[25.931066,55.277575],[25.930093,55.275832],[25.914618,55.282834],[25.913294,55.275982],[25.91236,55.275106],[25.910139,55.275082],[25.909839,55.274312],[25.907139,55.274277],[25.898563,55.276536],[25.897822,55.277618],[25.892458,55.279335],[25.897399,55.281449],[25.895267,55.283988],[25.895269,55.288808],[25.896177,55.289064],[25.878236,55.296033],[25.874527,55.297847],[25.870992,55.301039],[25.865029,55.302816],[25.866104,55.302292],[25.864021,55.301203],[25.849714,55.296868],[25.842184,55.300738],[25.83962,55.2991],[25.840058,55.293012],[25.845061,55.290447],[25.840558,55.287812],[25.841612,55.279283],[25.807728,55.278529],[25.805525,55.307189],[25.803188,55.305166],[25.793602,55.301232],[25.771273,55.317578],[25.769001,55.316548],[25.767944,55.317138],[25.76368,55.314815],[25.762376,55.311994],[25.75743,55.30713],[25.755773,55.306516],[25.754292,55.306935],[25.753246,55.305768],[25.747045,55.305845],[25.741144,55.303304],[25.738183,55.299664],[25.736332,55.298995],[25.734315,55.299252],[25.7349,55.300507],[25.73902,55.304547],[25.743322,55.306684],[25.742249,55.307591],[25.738708,55.307524],[25.734412,55.305671],[25.733559,55.300962],[25.72342,55.295624],[25.729559,55.295124],[25.729423,55.294154],[25.725861,55.294051],[25.725651,55.292285],[25.727405,55.290526],[25.72225,55.288183],[25.710549,55.286874],[25.715245,55.282063],[25.715323,55.280518],[25.711565,55.27604],[25.706016,55.272455],[25.704125,55.268994],[25.703014,55.266642],[25.70655,55.263172],[25.702756,55.263634],[25.699352,55.268034],[25.694865,55.267982],[25.682739,55.272659],[25.679234,55.271935],[25.679685,55.27097],[25.68487,55.268879],[25.683876,55.268231],[25.68334,55.263308],[25.688131,55.262426],[25.68346,55.260182],[25.684147,55.258892],[25.686695,55.257263],[25.690629,55.259294],[25.695193,55.259904],[25.698795,55.25646],[25.696057,55.255136],[25.696232,55.252134],[25.69363,55.250227],[25.694472,55.2465],[25.697629,55.247037],[25.698349,55.246265],[25.702649,55.248283],[25.706168,55.245129],[25.707725,55.240455],[25.69949,55.23919],[25.69398,55.2405],[25.693899,55.241714],[25.695329,55.242442],[25.694594,55.242958],[25.690658,55.242254],[25.679304,55.245373],[25.663018,55.232684],[25.665592,55.22672],[25.659048,55.222912],[25.658332,55.221673],[25.662668,55.221711],[25.666023,55.220296],[25.664814,55.217708],[25.659159,55.218146],[25.659401,55.215713],[25.661805,55.21525],[25.672879,55.21792],[25.674972,55.214997],[25.666085,55.213051],[25.669195,55.21149],[25.660237,55.207031],[25.652636,55.208811],[25.651295,55.205453],[25.648184,55.203252],[25.650839,55.203136],[25.650791,55.2017],[25.652325,55.200629],[25.647811,55.197117],[25.650381,55.19573],[25.649989,55.193672],[25.651928,55.192564],[25.65203,55.191383],[25.65428,55.190625],[25.653484,55.189162],[25.651521,55.188574],[25.651031,55.187958],[25.652331,55.188319],[25.653521,55.18775],[25.653752,55.185162],[25.656509,55.183761],[25.655592,55.182706],[25.66196,55.183294],[25.664719,55.182208],[25.666026,55.180068],[25.666541,55.181061],[25.669379,55.18111],[25.670375,55.181807],[25.672522,55.180439],[25.677323,55.179162],[25.679458,55.179468],[25.683234,55.177717],[25.68387,55.176038],[25.682687,55.174419],[25.684439,55.174499],[25.685567,55.173],[25.708032,55.172574],[25.708008,55.143124],[25.712979,55.145984],[25.721977,55.144608],[25.725389,55.137117],[25.728447,55.137057],[25.731408,55.136056],[25.733564,55.136665],[25.738485,55.135186],[25.738663,55.132393],[25.740857,55.131078],[25.751253,55.133382],[25.753892,55.13117],[25.759581,55.12908],[25.7602,55.127375],[25.762426,55.127102],[25.762797,55.125224],[25.790729,55.1205],[25.791787,55.121633],[25.793821,55.121943],[25.792818,55.123696],[25.793848,55.125852],[25.796751,55.126302],[25.799519,55.123354],[25.800387,55.121446],[25.793414,55.120128],[25.789845,55.11419],[25.782008,55.114861],[25.780854,55.110809],[25.781876,55.110043],[25.778405,55.110706],[25.778122,55.1063],[25.775055,55.10321],[25.771477,55.104073],[25.769199,55.102761],[25.764433,55.104976],[25.766842,55.10681],[25.764548,55.109474],[25.762901,55.10945],[25.76185,55.105135],[25.755306,55.10646],[25.753217,55.105237],[25.752833,55.10576],[25.750687,55.105287],[25.750275,55.103967],[25.752944,55.102749],[25.753951,55.100833],[25.747869,55.099541],[25.746781,55.097853],[25.762767,55.097742],[25.766641,55.094095],[25.762799,55.09001],[25.76769,55.084146],[25.765356,55.083445],[25.757271,55.085728],[25.754405,55.083013],[25.750448,55.083261],[25.749527,55.08467],[25.751031,55.085336],[25.748055,55.088523],[25.746482,55.088322],[25.744553,55.085069],[25.73925,55.081086],[25.730785,55.082875],[25.729914,55.079027],[25.732504,55.075501],[25.739127,55.075522],[25.738418,55.074184],[25.741652,55.074197],[25.74332,55.079773],[25.753219,55.081145],[25.756836,55.079727],[25.756828,55.073759],[25.752886,55.072716],[25.752093,55.070788],[25.743464,55.062589],[25.739153,55.059866],[25.740401,55.058422],[25.741149,55.05979],[25.744915,55.059336],[25.74631,55.059919],[25.748096,55.058447],[25.743452,55.056127],[25.741982,55.054371],[25.737177,55.053632],[25.735374,55.052635],[25.736242,55.051306],[25.741005,55.051395],[25.741545,55.049238],[25.744999,55.048994],[25.745088,55.045721],[25.742336,55.045705],[25.741113,55.04291],[25.742392,55.041576],[25.741625,55.039749],[25.746793,55.039904],[25.749924,55.042508],[25.759231,55.042758],[25.760453,55.039162],[25.757694,55.038458],[25.752365,55.038934],[25.749078,55.037595],[25.735726,55.03595],[25.721452,55.036779],[25.716025,55.035584],[25.710676,55.035618],[25.70797,55.036679],[25.704598,55.040815],[25.705585,55.046948],[25.699985,55.046163],[25.695261,55.042508],[25.68624,55.043132],[25.683888,55.040482],[25.680163,55.041054],[25.677232,55.042478],[25.674792,55.0422],[25.674149,55.043009],[25.669833,55.040458],[25.665195,55.040746],[25.661422,55.049404],[25.659757,55.050026],[25.657307,55.048775],[25.656119,55.050027],[25.658761,55.052792],[25.659434,55.055169],[25.656852,55.059974],[25.653012,55.06092],[25.646234,55.057803],[25.645534,55.059346],[25.64201,55.060273],[25.642041,55.060876],[25.638346,55.061478],[25.637106,55.061063],[25.635685,55.062339],[25.629225,55.062894],[25.625598,55.065135],[25.620943,55.062402],[25.610875,55.05934],[25.609703,55.060179],[25.603771,55.060268],[25.603113,55.061721],[25.602094,55.061478],[25.601163,55.062504],[25.59337,55.061081],[25.593198,55.062125],[25.591344,55.061496],[25.584291,55.061348],[25.582323,55.060604],[25.578159,55.063806],[25.578966,55.052627],[25.576173,55.049309],[25.57354,55.048173],[25.561872,55.048363],[25.556395,55.051821],[25.553861,55.051967],[25.551713,55.054067],[25.546675,55.053318],[25.536546,55.053839],[25.534765,55.052836],[25.532277,55.052839],[25.531699,55.049502],[25.530826,55.049453],[25.532295,55.047026],[25.531138,55.045298],[25.527189,55.043162],[25.526109,55.040591],[25.517088,55.041031],[25.506658,55.039998],[25.497217,55.041956],[25.49644,55.043136],[25.494322,55.040738],[25.48594,55.039342],[25.48366,55.038221],[25.480001,55.038689],[25.472826,55.037608],[25.458585,55.037275],[25.4565,55.035523],[25.451621,55.034872],[25.44687,55.035196],[25.440217,55.033999],[25.429635,55.035028],[25.421316,55.033367],[25.406379,55.037578],[25.404216,55.039263],[25.401296,55.039066],[25.397497,55.039987],[25.395795,55.039163],[25.395769,55.036984],[25.38717,55.037482],[25.381526,55.030879],[25.348467,55.03394],[25.342081,55.032354],[25.331463,55.031466],[25.321121,55.035003],[25.309498,55.037288],[25.302272,55.045221],[25.280282,55.046302],[25.22558,55.042376],[25.222029,55.041505],[25.21365,55.05388],[25.226214,55.055668],[25.227885,55.05657],[25.229417,55.059932],[25.235797,55.062893],[25.233753,55.06665],[25.226445,55.068534],[25.221777,55.076942],[25.224003,55.077671],[25.226408,55.081059],[25.224061,55.083267],[25.221623,55.088229],[25.218247,55.088258],[25.21679,55.089065],[25.214154,55.08903],[25.213915,55.089866],[25.210954,55.08993],[25.209852,55.091996],[25.207956,55.09295],[25.208931,55.09489],[25.202713,55.095236],[25.197001,55.093959],[25.194925,55.092651],[25.19115,55.09302],[25.190273,55.092349],[25.185492,55.09239],[25.183209,55.091712],[25.172706,55.093253],[25.16932,55.094911],[25.16972,55.096808],[25.168843,55.096828],[25.16338,55.096748],[25.161467,55.093842],[25.162211,55.092256],[25.157031,55.089323],[25.147936,55.095718],[25.155743,55.102523],[25.155677,55.107196],[25.149107,55.112175],[25.16233,55.119315],[25.160963,55.126419],[25.156901,55.130609],[25.164069,55.130654],[25.16606,55.131428],[25.16614,55.134934],[25.171157,55.136391],[25.175299,55.139123],[25.174582,55.141581],[25.171396,55.141581],[25.170998,55.142992],[25.166618,55.143857],[25.166777,55.146178],[25.169246,55.147043],[25.169166,55.147862],[25.167095,55.148226],[25.166802,55.151935],[25.190936,55.154083],[25.218741,55.165644],[25.223839,55.164673],[25.229245,55.16657],[25.229863,55.167629],[25.228704,55.168644],[25.233107,55.170408],[25.227398,55.179288],[25.243046,55.18529],[25.238413,55.187892],[25.239673,55.188724],[25.24357,55.189975],[25.250878,55.190214],[25.251831,55.191129],[25.2545,55.191076],[25.259961,55.188598],[25.265894,55.188173],[25.267393,55.191548],[25.261176,55.192406],[25.261631,55.19346],[25.256334,55.194938],[25.254581,55.194825],[25.252986,55.192214],[25.244373,55.19192],[25.243736,55.192858],[25.24722,55.19418],[25.246813,55.195805],[25.24165,55.197325],[25.234031,55.196037],[25.235085,55.19426],[25.231624,55.193163],[25.227384,55.204983],[25.221664,55.209153],[25.211786,55.213712],[25.199076,55.209319],[25.177359,55.208532],[25.173872,55.212179],[25.165581,55.215855],[25.159036,55.221327],[25.157179,55.22187],[25.174035,55.236288],[25.178085,55.237192],[25.186119,55.261564],[25.189277,55.266269],[25.187521,55.267384],[25.185336,55.265289],[25.178069,55.264221],[25.173976,55.266399],[25.172017,55.265579],[25.169152,55.266954],[25.166921,55.265304],[25.162883,55.265408],[25.158277,55.264132],[25.155759,55.262404],[25.150594,55.261969],[25.152137,55.258672],[25.143387,55.256203],[25.141633,55.251824],[25.140688,55.251699],[25.139463,55.252471],[25.139103,55.25499],[25.141461,55.257429],[25.106099,55.264637],[25.108292,55.268898],[25.108123,55.276012],[25.110754,55.279811],[25.105437,55.280417],[25.101419,55.284726],[25.099426,55.284588],[25.099354,55.288265],[25.10093,55.29166],[25.095864,55.290446],[25.091657,55.291794],[25.079739,55.292867],[25.080019,55.294758],[25.083685,55.295295],[25.082688,55.296747],[25.083846,55.298199],[25.083321,55.301112],[25.081878,55.304817],[25.07929,55.304586],[25.0753,55.307468],[25.074116,55.307339],[25.075123,55.307808],[25.073485,55.313344],[25.066466,55.308337],[25.058239,55.306844],[25.051047,55.307737],[25.05176,55.314261],[25.046862,55.3136],[25.044083,55.310876],[25.035787,55.310165],[25.033535,55.310526],[25.031206,55.313072],[25.022082,55.316299],[25.018039,55.315449],[25.015153,55.316203],[25.008149,55.31394],[25.006682,55.309737],[25.004919,55.309244],[25.000326,55.309816],[25.001112,55.307508],[24.998555,55.305898],[24.997065,55.306216],[24.983803,55.312517],[24.977273,55.328896],[24.974734,55.348229],[24.967804,55.356701],[24.904751,55.339937],[24.902878,55.341564],[24.895819,55.342644],[24.891888,55.341617],[24.890675,55.344793],[24.898981,55.351827],[24.901471,55.357188],[24.898795,55.358792],[24.887645,55.357535],[24.881582,55.357856],[24.876542,55.359637],[24.873163,55.359556],[24.869633,55.35682],[24.859319,55.354032],[24.850935,55.352655],[24.842348,55.359087],[24.827583,55.357391],[24.829355,55.361244],[24.792766,55.373727],[24.788752,55.372537],[24.784595,55.37836],[24.784223,55.380848],[24.788311,55.398721],[24.793186,55.405471],[24.782962,55.40956],[24.790552,55.415551],[24.78966,55.417705],[24.796638,55.425357],[24.812049,55.418967],[24.817118,55.422888],[24.819098,55.429769],[24.819736,55.43825],[24.815542,55.438493],[24.813598,55.44456],[24.801326,55.446132],[24.794243,55.451056],[24.784573,55.451894],[24.782171,55.458766],[24.778543,55.463255],[24.780378,55.464624],[24.780791,55.466666],[24.779355,55.468701],[24.77433,55.467456],[24.77174,55.480204],[24.767735,55.481286],[24.767194,55.483598],[24.75987,55.478789],[24.743377,55.478679],[24.742659,55.481896],[24.733032,55.493191],[24.723261,55.491319],[24.718016,55.497566],[24.719489,55.49954],[24.713311,55.502287],[24.696353,55.506634],[24.689661,55.504381],[24.683469,55.498758],[24.675141,55.503978],[24.662609,55.49724],[24.657277,55.50115],[24.659372,55.504261],[24.655013,55.517785],[24.642398,55.515528],[24.642615,55.510501],[24.636568,55.510309],[24.636853,55.513337],[24.628893,55.510614],[24.638817,55.499434],[24.641525,55.499788],[24.64653,55.49622],[24.644724,55.487457],[24.647343,55.479334],[24.651877,55.470956],[24.648658,55.466934],[24.650244,55.460732],[24.629728,55.45503],[24.609418,55.451343],[24.604751,55.449596],[24.604255,55.450581],[24.59273,55.450718],[24.574336,55.454111],[24.567085,55.451978],[24.55575,55.459452],[24.549042,55.456212],[24.541727,55.460895],[24.534945,55.457678],[24.542105,55.452989],[24.536303,55.452253],[24.538285,55.448005],[24.535884,55.447551],[24.536548,55.446421],[24.535705,55.446039],[24.536828,55.443398],[24.538135,55.443561],[24.539206,55.439845],[24.543161,55.435727],[24.54104,55.434221],[24.545896,55.429449],[24.548178,55.430123],[24.55197,55.426032],[24.487917,55.406417],[24.488869,55.404471],[24.484918,55.395039],[24.478442,55.394936],[24.478045,55.400573],[24.454963,55.401945],[24.449998,55.399089],[24.451015,55.395329],[24.436258,55.391124],[24.43047,55.390908],[24.434318,55.386328],[24.426967,55.372177],[24.428064,55.366053],[24.418888,55.364444],[24.420571,55.35674],[24.404367,55.352157],[24.407185,55.349643],[24.402673,55.349607],[24.401217,55.347064],[24.395728,55.335285],[24.397996,55.332861],[24.386664,55.329296],[24.389497,55.304324],[24.393103,55.298496],[24.391269,55.296878],[24.393178,55.296216],[24.39365,55.295043],[24.399221,55.294509],[24.399193,55.293785],[24.40536,55.292564],[24.413717,55.288668],[24.419545,55.288015],[24.413667,55.2842],[24.419138,55.280302],[24.416244,55.275968],[24.418131,55.274843],[24.42457,55.275238],[24.42566,55.27416],[24.41992,55.261045],[24.426382,55.259729],[24.420059,55.250918],[24.410491,55.23408],[24.422073,55.233222],[24.424679,55.230868],[24.423945,55.226813],[24.437538,55.226788],[24.440044,55.231502],[24.445114,55.231197],[24.445689,55.233034],[24.459349,55.231271],[24.471347,55.227894],[24.491828,55.226271],[24.505347,55.222486],[24.481114,55.200134],[24.482225,55.194052],[24.484446,55.194392],[24.487163,55.19336],[24.490286,55.190166],[24.485636,55.190491],[24.486833,55.187436],[24.486151,55.185968],[24.484666,55.18619],[24.489334,55.184],[24.490099,55.180847],[24.498117,55.172637],[24.501057,55.16779],[24.501305,55.16069],[24.506711,55.1574],[24.520567,55.154732],[24.53501,55.157299],[24.537017,55.155201],[24.540034,55.15541],[24.541062,55.154193],[24.53339,55.147768],[24.533758,55.145398],[24.521472,55.140793],[24.516892,55.140538],[24.527747,55.129882],[24.533759,55.132851],[24.540453,55.127802],[24.53641,55.126017],[24.53928,55.124121],[24.543584,55.125936],[24.546629,55.123317],[24.543985,55.117979],[24.553622,55.113314],[24.555363,55.106851]]]}}]}